,company_name,date,Topic_20_positive,Topic_3_positive,Topic_0_positive,Topic_22_positive,Topic_6_positive,Topic_5_positive,Topic_4_positive,Topic_13_positive,Topic_12_positive,Topic_2_positive,Topic_25_positive,Topic_7_positive,Topic_8_positive,Topic_1_positive,Topic_10_positive,Topic_9_positive,Topic_18_positive,Topic_17_positive,Topic_11_positive,Topic_19_positive,Topic_16_positive,Topic_24_positive,Topic_15_positive,Topic_14_positive,Topic_21_positive,Topic_23_positive,Topic_20_negative,Topic_3_negative,Topic_0_negative,Topic_22_negative,Topic_6_negative,Topic_5_negative,Topic_4_negative,Topic_13_negative,Topic_12_negative,Topic_2_negative,Topic_25_negative,Topic_7_negative,Topic_8_negative,Topic_1_negative,Topic_10_negative,Topic_9_negative,Topic_18_negative,Topic_17_negative,Topic_11_negative,Topic_19_negative,Topic_16_negative,Topic_24_negative,Topic_15_negative,Topic_14_negative,Topic_21_negative,Topic_23_negative,Topic_20_neutral,Topic_3_neutral,Topic_0_neutral,Topic_22_neutral,Topic_6_neutral,Topic_5_neutral,Topic_4_neutral,Topic_13_neutral,Topic_12_neutral,Topic_2_neutral,Topic_25_neutral,Topic_7_neutral,Topic_8_neutral,Topic_1_neutral,Topic_10_neutral,Topic_9_neutral,Topic_18_neutral,Topic_17_neutral,Topic_11_neutral,Topic_19_neutral,Topic_16_neutral,Topic_24_neutral,Topic_15_neutral,Topic_14_neutral,Topic_21_neutral,Topic_23_neutral
0,AAPL.OQ,2019-Apr-30,0.22512587904930115,0.4360476778103755,0.47262510849583533,0.6247505346934,0.2635393403470516,0.3946846783161163,0.44281031123616477,0.46287306398153305,0.5176804903894663,0.29372053444385526,0.25682615861296654,0.4183613479137421,0.42078064009547234,0.612120509147644,0.20952048525214195,0.23343442380428314,-1.0,-1.0,-1.0,-1.0,-1.0,-1.0,-1.0,-1.0,-1.0,-1.0,0.12035631015896797,0.12226449640897605,0.1740040466670067,0.11320459097623825,0.11688081733882427,0.14842094257473945,0.11606349000199274,0.10489410534501076,0.10839384980499744,0.12271446684996287,0.2049329485744238,0.11084324270486831,0.1169068980962038,0.11202310770750046,0.1250058002769947,0.12629100680351257,-1.0,-1.0,-1.0,-1.0,-1.0,-1.0,-1.0,-1.0,-1.0,-1.0,0.6545177698135376,0.4416878034289067,0.3533708381076013,0.26204488674799603,0.6195798218250275,0.4568943649530411,0.44112618403001264,0.43223279900848866,0.3739256411790848,0.5835649847984314,0.538240872323513,0.4707953929901123,0.4623124450445175,0.2758563756942749,0.6654737144708633,0.6402745842933655,-1.0,-1.0,-1.0,-1.0,-1.0,-1.0,-1.0,-1.0,-1.0,-1.0
1,AAPL.OQ,2019-Jan-29,0.22615371644496918,0.35800523261229195,0.4158143437570996,0.47832691398533905,0.18831220269203186,0.28609588283758897,0.3381557360291481,0.2167363204061985,0.5043622934155993,0.28753260523080826,0.25869958102703094,0.33786324188113215,0.47598203519980115,0.4627554684877396,0.2501255512237549,0.23343442380428314,0.2824847251176834,-1.0,0.6316507458686829,-1.0,-1.0,-1.0,-1.0,-1.0,-1.0,-1.0,0.12056704983115196,0.11260635157426198,0.14938744405905405,0.11500877141952515,0.5605041980743408,0.1665509954954569,0.16856337189674378,0.09639590047299862,0.10975955261124505,0.13920865752376044,0.24899729900062084,0.235439295694232,0.11695005496342976,0.11589226275682449,0.12669175118207932,0.12629100680351257,0.11427566409111023,-1.0,0.11351120471954346,-1.0,-1.0,-1.0,-1.0,-1.0,-1.0,-1.0,0.653279185295105,0.5293883999188741,0.43479818999767306,0.4066642888567664,0.2511836290359497,0.5473531026106614,0.4932808853685856,0.6868677884340286,0.3858781423833635,0.5732587220577093,0.4923030938953161,0.4266974523663521,0.4070678999026616,0.42135229110717776,0.6231826782226563,0.6402745842933655,0.6032395958900452,-1.0,0.2548380494117737,-1.0,-1.0,-1.0,-1.0,-1.0,-1.0,-1.0
2,AAPL.OQ,2019-Jul-30,0.2250196635723114,0.38359878184618773,0.5247341370129067,0.45688051198210033,0.24622467160224915,0.35905890266100565,0.45427658408880234,0.2218564674258232,0.48475209730012075,0.3240537863969803,0.30186560451984407,0.44500249736011027,0.3185179978609085,0.47677546987930935,0.22822895348072053,0.27647638072570163,0.37656902770201367,0.2615792453289032,0.637742817401886,0.20030160248279572,-1.0,-1.0,-1.0,-1.0,-1.0,-1.0,0.12011754885315895,0.11478109602574949,0.12778820765569157,0.11702385651213783,0.11376437544822693,0.11938945651054382,0.1098445389419794,0.09043879806995392,0.10613366322857994,0.12521726220846177,0.4583013951778412,0.15077241230756044,0.11449196785688401,0.1142229897280534,0.1287482738494873,0.12120833620429039,0.1171423668662707,0.11482702195644379,0.11319882422685623,0.12482592463493347,-1.0,-1.0,-1.0,-1.0,-1.0,-1.0,0.6548627614974976,0.5016201039155325,0.3474776479213134,0.4260956325701305,0.6400109529495239,0.5215516090393066,0.43587886542081833,0.6877047121524811,0.4091142203126635,0.5507289385795593,0.2398329943418503,0.4042250797152519,0.5669899940490722,0.40900153915087384,0.6430227518081665,0.6023152967294058,0.506288597981135,0.6235936880111694,0.2490583211183548,0.6748724579811096,-1.0,-1.0,-1.0,-1.0,-1.0,-1.0
3,AAPL.OQ,2019-Oct-30,0.24247460067272186,0.38424892322375226,0.5350445743650198,0.423283863812685,0.38304691513379413,0.38359969383791875,0.4824112504720688,0.2055040200551351,0.5297847837209702,0.3032575867005757,0.19525601821286337,0.44442023975508554,0.26667317748069763,0.23169761896133423,0.21144811064004898,0.27707727005084354,0.3864000104367733,-1.0,-1.0,-1.0,0.20380041003227234,-1.0,-1.0,-1.0,-1.0,-1.0,0.11960339173674583,0.11547528064021698,0.13069282472133636,0.11761092767119408,0.11320265630880992,0.14371610746571892,0.10202067270874977,0.12949809432029724,0.12130057662725449,0.1272021146757262,0.4014536791614124,0.1510284814451422,0.11213978379964828,0.11473193019628525,0.13317562639713287,0.12436680123209953,0.11544755101203918,-1.0,-1.0,-1.0,0.13163571059703827,-1.0,-1.0,-1.0,-1.0,-1.0,0.6379219889640808,0.5002757815214304,0.3342625942081213,0.4591052010655403,0.5037504037221273,0.4726841810502504,0.415568071603775,0.6649978955586752,0.3489146202802658,0.5695402886186327,0.4032902887889317,0.40455127720321926,0.6211870312690735,0.6535704433917999,0.6553762555122375,0.5985559423764547,0.4981524385511875,-1.0,-1.0,-1.0,0.6645638942718506,-1.0,-1.0,-1.0,-1.0,-1.0
4,AAPL.OQ,2020-Apr-30,0.22615371644496918,0.3460261821746826,0.46038047075271604,0.5821473300457001,-1.0,0.3414569004722264,0.3898950087673524,0.3453482761979103,0.6428471671210395,0.30665896111919033,0.20336061716079712,0.43516926616430285,0.5360012412071228,0.36931246519088745,0.21003103256225586,0.23343442380428314,-1.0,-1.0,-1.0,0.5262045902865273,-1.0,0.44422999024391174,0.3052007518708706,-1.0,-1.0,-1.0,0.12056704983115196,0.1533920525883635,0.17062093928456307,0.1486792378127575,-1.0,0.20415394623642383,0.1635130705202327,0.09363879822194576,0.11588366329669952,0.12637098397939436,0.20239266753196716,0.2092407800257206,0.1131945326924324,0.11530981461207072,0.1278148666024208,0.12629100680351257,-1.0,-1.0,-1.0,0.11634953532900129,-1.0,0.1356268674135208,0.12260639853775501,-1.0,-1.0,-1.0,0.653279185295105,0.5005817475418249,0.3689985877275467,0.26917338371276855,-1.0,0.45438914000988007,0.4465919215889538,0.5610129162669182,0.24126916627089182,0.5669700387985476,0.5942466855049133,0.35558994561433793,0.35080418586730955,0.5153777102629343,0.6621541082859039,0.6402745842933655,-1.0,-1.0,-1.0,0.3574458637407848,-1.0,0.42014312744140625,0.5721928030252457,-1.0,-1.0,-1.0
5,AAPL.OQ,2020-Jan-28,0.2373636762301127,0.3489739252970769,0.505480729871326,0.6308555801709493,0.5173164010047913,0.43022221078475315,0.3651481130543877,0.20236567656199136,0.4698319062590599,0.3187932007842594,-1.0,0.4993706633647283,0.2713477537035942,0.43029800802469254,0.2093326710164547,0.26992006931040025,-1.0,-1.0,0.3918416500091553,0.37276483078797656,-1.0,0.6484047174453735,-1.0,-1.0,-1.0,-1.0,0.12013860046863556,0.11607624017275296,0.14051328202088673,0.10193385928869247,0.1157628744840622,0.15802824683487415,0.1408533741007833,0.09826935579379399,0.11545025259256363,0.12494509584373897,-1.0,0.14690111229817074,0.14056948944926262,0.11875687539577484,0.13801689073443413,0.12366385261217754,-1.0,-1.0,0.12441856414079666,0.16742796202500662,-1.0,0.114756278693676,-1.0,-1.0,-1.0,-1.0,0.6424976785977682,0.5349498242139816,0.3540059785048167,0.2672105630238851,0.36692070960998535,0.41174952934185666,0.49399850210722757,0.699364960193634,0.4147178143262863,0.5562616917822096,-1.0,0.3537282218535741,0.5880827605724335,0.450945109128952,0.6526504307985306,0.6064160929785835,-1.0,-1.0,0.4837397336959839,0.45980719725290936,-1.0,0.23683896660804749,-1.0,-1.0,-1.0,-1.0
6,AAPL.OQ,2020-Jul-30,0.22615371644496918,0.4244603321832769,0.505717933177948,0.5521266832947731,-1.0,0.35506823658943176,0.24429870503289358,0.14168361326058707,0.5419872179627419,0.2794794376407351,0.32828738540410995,0.5329830795526505,0.264042670528094,0.4174819067120552,0.29928475618362427,0.23343442380428314,0.2064303457736969,-1.0,0.24205468595027924,-1.0,-1.0,-1.0,0.589040994644165,-1.0,-1.0,-1.0,0.12056704983115196,0.16432221365325592,0.13353088749572634,0.11589703522622585,-1.0,0.15643637627363205,0.1777590284390109,0.12761607021093369,0.11585098691284657,0.13365770344223296,0.12474344298243523,0.10999186468475006,0.11248371998469035,0.12169569358229637,0.11586444824934006,0.12629100680351257,0.12320654094219208,-1.0,0.11530991643667221,-1.0,-1.0,-1.0,0.11346820741891861,-1.0,-1.0,-1.0,0.653279185295105,0.41121744145365324,0.36075116842985155,0.331976268440485,-1.0,0.48849536952647293,0.5779422585453305,0.7307003140449524,0.34216179326176643,0.5868628464993977,0.5469691604375839,0.35702504480586333,0.623473584651947,0.4608223959803581,0.5848507881164551,0.6402745842933655,0.6703630685806274,-1.0,0.6426354050636292,-1.0,-1.0,-1.0,0.29749077558517456,-1.0,-1.0,-1.0
7,AAPL.OQ,2020-Oct-29,0.22615371644496918,0.37970884924843196,0.5408277622400186,0.5582165973527091,-1.0,0.35301942464250785,0.37363685209017533,0.22090809941291809,0.6220259368419647,0.28776155547662213,0.22696503251791,0.43859254145944443,-1.0,0.39876905977725985,0.1993814011414846,0.23343442380428314,-1.0,-1.0,-1.0,0.2202137808005015,-1.0,-1.0,0.20230741798877716,-1.0,-1.0,-1.0,0.12056704983115196,0.14101355913139524,0.11311746914035235,0.11678375729492732,-1.0,0.12336625287739131,0.1755707676594074,0.1392190709710121,0.12052402086555958,0.14068581050995624,0.16305333375930786,0.14075294499461716,-1.0,0.12318159937858582,0.12781370182832083,0.12629100680351257,-1.0,-1.0,-1.0,0.20482328037420908,-1.0,-1.0,0.14071999490261078,-1.0,-1.0,-1.0,0.653279185295105,0.47927756749448325,0.346054759927285,0.32499962193625315,-1.0,0.5236143085819024,0.4507923642030129,0.6398728370666504,0.25745002925395966,0.5715526188864852,0.6099815964698792,0.4206545002557136,-1.0,0.47804930806159973,0.6728048920631409,0.6402745842933655,-1.0,-1.0,-1.0,0.5749629139900208,-1.0,-1.0,0.6569725573062897,-1.0,-1.0,-1.0
8,AAPL.OQ,2021-Apr-28,0.22615371644496918,0.39493165413538617,0.578327679540962,0.6524157722791036,0.47809988260269165,0.3372204912205537,0.42159365468165455,0.49934028685092924,0.4096530484301703,0.3242374479530319,0.20203930139541626,0.4529167948400273,0.4861804433166981,0.4239381154378255,0.20699536800384521,0.31270334124565125,-1.0,-1.0,-1.0,0.2966829210519791,-1.0,0.5400273203849792,0.20056242495775223,-1.0,-1.0,-1.0,0.12056704983115196,0.11579567889372508,0.10685865092091262,0.11531631151835124,0.1137891337275505,0.14478225509325662,0.12684689900454352,0.09553203731775284,0.09843274485319853,0.11863333593693472,0.14365578442811966,0.11095465741613332,0.11518310569226742,0.11411312222480774,0.12095225974917412,0.12923765430847803,-1.0,-1.0,-1.0,0.13572026491165162,-1.0,0.19665935635566711,0.1240912675857544,-1.0,-1.0,-1.0,0.653279185295105,0.4892726570367813,0.31481365486979485,0.2322679410378138,0.40811097621917725,0.5179972400267919,0.45155943053610187,0.40512765645980836,0.4919142084462302,0.5571292009084455,0.6543049216270447,0.43612853481489067,0.39863643795251846,0.4619487176338832,0.6720523834228516,0.5580589969952902,-1.0,-1.0,-1.0,0.5675967931747437,-1.0,0.26331332325935364,0.6753462851047516,-1.0,-1.0,-1.0
9,AAPL.OQ,2021-Jan-27,0.2483869812318257,0.4560183940662278,0.5355629497207701,0.6431276053190231,-1.0,0.3560848558942477,0.3687610038016972,0.31551217660307884,0.5184377692639828,0.34135471284389496,0.18674029409885406,0.4447639137506485,0.21349404752254486,0.478661447763443,0.21542818347613016,0.23343442380428314,0.38341597219308216,0.21069954335689545,-1.0,0.4734519322713216,-1.0,-1.0,-1.0,-1.0,-1.0,-1.0,0.11992261771644865,0.13430297416117457,0.10940391532494687,0.11442155949771404,-1.0,0.16134522824237743,0.18521137574785634,0.1025992389768362,0.11567986570298672,0.12555442936718464,0.5816872119903564,0.14128723591566086,0.11604516208171844,0.11538222804665565,0.1371668055653572,0.12629100680351257,0.11618448545535405,0.17977593839168549,-1.0,0.2621845876177152,-1.0,-1.0,-1.0,-1.0,-1.0,-1.0,0.63169036592756,0.4096786123183038,0.3550331159494817,0.24245083704590797,-1.0,0.4825699118276437,0.44602759496161815,0.5818885788321495,0.36588235571980476,0.5330908436860357,0.2315724939107895,0.41394884983698527,0.6704607605934143,0.40595631301403046,0.6474050283432007,0.6402745842933655,0.5003995299339294,0.6095244884490967,-1.0,0.2643634428580602,-1.0,-1.0,-1.0,-1.0,-1.0,-1.0
10,AAPL.OQ,2021-Jul-27,0.22608467936515808,0.41771648688749835,0.5005110345388714,0.609730526804924,-1.0,0.3009433376913269,0.4791440013796091,0.3136562357346217,0.546834933757782,0.3481152986430309,0.2825460880994797,0.40955587724844617,-1.0,0.48594823479652405,0.21579844752947488,0.23343442380428314,-1.0,-1.0,0.3780052661895752,0.23656969368457795,-1.0,-1.0,-1.0,-1.0,-1.0,-1.0,0.12097865343093872,0.12414294447411191,0.14969254206669957,0.11384467594325542,-1.0,0.2009739459802707,0.1165636433288455,0.08996619780858357,0.11456120759248734,0.1388850791210478,0.4708518087863922,0.10923237270779079,-1.0,0.11416925489902496,0.13603232552607855,0.12629100680351257,-1.0,-1.0,0.11308928579092026,0.26241524964571,-1.0,-1.0,-1.0,-1.0,-1.0,-1.0,0.6529366374015808,0.4581405581398444,0.3497964112382186,0.2764247842133045,-1.0,0.4980827023585637,0.40429231710731983,0.5963775763909022,0.3386038362979889,0.5129996124993671,0.24660206586122513,0.4812117467323939,-1.0,0.3998824954032898,0.648169199625651,0.6402745842933655,-1.0,-1.0,0.5089054107666016,0.5010150372982025,-1.0,-1.0,-1.0,-1.0,-1.0,-1.0
11,AAPL.OQ,2021-Oct-28,0.22608467936515808,0.4915877187793905,0.5129096606636748,0.496668001015981,-1.0,0.3796604681346152,0.42487445622682574,0.28964386507868767,0.4363700654357672,0.29087560328430145,-1.0,0.4488499400516351,0.5118509083986282,0.4097909798224767,0.2458268105983734,0.23343442380428314,0.2719714492559433,0.24791651964187622,0.37146008014678955,0.3480994916624493,-1.0,-1.0,-1.0,-1.0,-1.0,-1.0,0.12097865343093872,0.11571712453256953,0.1236998427330571,0.12701361129681268,-1.0,0.14325017564826542,0.13459292724728583,0.12807980366051197,0.11615666281431913,0.1372326995278227,-1.0,0.11298934804896514,0.11381259560585022,0.11613142639398574,0.11359570175409317,0.12629100680351257,0.12658721208572388,0.11368196457624435,0.1118721067905426,0.12442147400644091,-1.0,-1.0,-1.0,-1.0,-1.0,-1.0,0.6529366374015808,0.3926951370456002,0.3633904829621315,0.37631839017073315,-1.0,0.4770893297261662,0.44053258299827575,0.5822763107717037,0.4474732503294945,0.5718916788183409,-1.0,0.4381607125202815,0.37433646619319916,0.47407757441202797,0.6405774354934692,0.6402745842933655,0.6014413237571716,0.6384015083312988,0.5166678428649902,0.5274790277083715,-1.0,-1.0,-1.0,-1.0,-1.0,-1.0
12,AAPL.OQ,2022-Apr-28,0.22608467936515808,0.38833653769995036,0.44203828034862397,0.5353145822882652,-1.0,0.3042143498148237,0.28224821090698243,0.4052247703075409,0.49413684010505676,0.2858448243803448,0.3188645005226135,0.5434686649929393,-1.0,0.42443127930164337,0.21774828433990479,0.23343442380428314,0.619723916053772,-1.0,0.6404561400413513,0.24145107716321945,-1.0,0.20353615283966064,-1.0,-1.0,-1.0,-1.0,0.12097865343093872,0.1366347129407682,0.1882272276186174,0.16200892999768257,-1.0,0.22126817862902368,0.2269886630276839,0.11364490964582988,0.11573557704687118,0.14600219163629743,0.32915315181016924,0.10559076544913379,-1.0,0.11826750934123993,0.14013251662254333,0.12629100680351257,0.1133342944085598,-1.0,0.11579829454421997,0.22281440471609434,-1.0,0.13729223608970642,-1.0,-1.0,-1.0,-1.0,0.6529366374015808,0.47502873053676203,0.3697344804963758,0.3026764616370201,-1.0,0.4745174454791205,0.490763129790624,0.4811303211109979,0.39012756645679475,0.5681529723935657,0.3519823282957077,0.3509405566887422,-1.0,0.4573012053966522,0.6421192288398743,0.6402745842933655,0.26694174110889435,-1.0,0.2437455803155899,0.5357344994942347,-1.0,0.6591715812683105,-1.0,-1.0,-1.0,-1.0
13,AAPL.OQ,2022-Jan-27,0.23731765151023865,0.4022397030340998,0.47637368993061346,0.6108047515153885,-1.0,0.3864324986934662,0.5139237493276596,0.3196623995900154,0.474292628467083,0.32166506259730365,0.18782447278499603,0.5197838793198267,0.36096834143002826,0.38681646684805554,0.21662100156148276,0.23343442380428314,0.2437218874692917,-1.0,-1.0,0.3016727685928345,-1.0,-1.0,-1.0,-1.0,-1.0,-1.0,0.1204130028684934,0.11558617259326734,0.1349086657893367,0.08740324713289738,-1.0,0.18905076930920284,0.11338236927986145,0.0999173205345869,0.11626372983058293,0.12493829812967416,0.5908352136611938,0.1527969100409084,0.11538560440142949,0.26494260629018146,0.1411246508359909,0.12629100680351257,0.11481722444295883,-1.0,-1.0,0.12448560744524002,-1.0,-1.0,-1.0,-1.0,-1.0,-1.0,0.6422693133354187,0.4821741094714717,0.3887176215648651,0.3017920106649399,-1.0,0.4245167205731074,0.37269385159015656,0.5804203003644943,0.40944363673528034,0.5533966214367838,0.22134025394916534,0.3274191982216305,0.5236460467179617,0.3482409169276555,0.6422543327013651,0.6402745842933655,0.6414608359336853,-1.0,-1.0,0.5738416135311126,-1.0,-1.0,-1.0,-1.0,-1.0,-1.0
14,AAPL.OQ,2022-Jul-28,0.24293413758277893,0.37054275211535004,0.4411240021387736,0.47895964317851597,-1.0,0.3321451283991337,0.38496835976839067,0.22389215603470802,0.5173257142305374,0.27270127482274,0.28059354921181995,0.4323562663048506,0.506960541009903,0.3476239889860153,0.23746806383132935,0.23508065566420555,-1.0,0.26646072665850323,0.5706940293312073,0.20934922993183136,0.3542667031288147,-1.0,-1.0,-1.0,-1.0,-1.0,0.12013017758727074,0.1185337571721328,0.18001719978120592,0.12223221361637115,-1.0,0.15136038213968278,0.20662877410650254,0.09954588487744331,0.17734499461948872,0.13105622372206518,0.19008467925919426,0.11260824277997017,0.11414683982729912,0.1196953970938921,0.13280033320188522,0.1239336933940649,-1.0,0.18839174509048462,0.11254959180951118,0.12090082466602325,0.11277252435684204,-1.0,-1.0,-1.0,-1.0,-1.0,0.6369356513023376,0.5109234765956276,0.37885878759401814,0.39880812333689797,-1.0,0.5164944708347321,0.4084028512239456,0.6765619516372681,0.3053292818367481,0.5962424909367281,0.5293217533164554,0.4550354741513729,0.37889260053634644,0.5326805859804153,0.6297315955162048,0.6409856677055359,-1.0,0.5451475282510122,0.31675636768341064,0.6697499752044678,0.5329607129096985,-1.0,-1.0,-1.0,-1.0,-1.0
15,AAPL.OQ,2022-Oct-27,0.19238576292991638,0.3516973498321715,0.4756624080516674,0.6393955846627554,0.23215241730213165,0.2926136623410618,0.3942799110497747,0.3425503484904766,0.5474619954824448,0.3134013009922845,0.24336282565043524,0.48610505887440275,0.4315532185137272,0.41513319810231525,0.2233077697455883,0.23343442380428314,0.41448765248060226,-1.0,0.5081146359443665,0.4971991827090581,-1.0,-1.0,-1.0,-1.0,-1.0,-1.0,0.12267560511827469,0.11644918471574783,0.17008338509886353,0.1142759198943774,0.11776524037122726,0.1702733188867569,0.14797786623239517,0.09642600268125534,0.11661219000816345,0.13378178008965083,0.35517921986488193,0.14942820902381623,0.11310388520359993,0.11581288029750188,0.12773875147104263,0.12629100680351257,0.12818196415901184,-1.0,0.11491737514734268,0.22071115424235663,-1.0,-1.0,-1.0,-1.0,-1.0,-1.0,0.6849386096000671,0.5318534516152882,0.35425420105457306,0.24632847557465234,0.6500823497772217,0.537112996858709,0.4577422131385122,0.5610236451029778,0.335925817489624,0.5528169018881661,0.401457932132941,0.36446672677993774,0.4553428739309311,0.46905388434727985,0.648953452706337,0.6402745842933655,0.4573303759098053,-1.0,0.3769679665565491,0.282089630762736,-1.0,-1.0,-1.0,-1.0,-1.0,-1.0
16,AAPL.OQ,2023-Aug-03,0.22608467936515808,0.4342473787920816,0.46682953166550606,0.3186851292848587,0.20339739322662354,0.3723081806126763,0.43750664983925064,0.17286071926355362,0.6457888782024384,0.352285993973846,0.3754101753234863,0.4243524270132184,0.45521652698516846,0.5771605202129909,0.3190586070219676,0.23343442380428314,0.4417882636189461,-1.0,-1.0,-1.0,-1.0,-1.0,-1.0,-1.0,-1.0,-1.0,0.12097865343093872,0.11355920561722346,0.16900600390187626,0.11725464835762978,0.12169471383094788,0.20047745152431376,0.12704441774832576,0.08359748125076294,0.11576124653220177,0.13214245406181915,0.375246474146843,0.16768490616232157,0.11709393560886383,0.11364447219031197,0.12618621935447058,0.12629100680351257,0.11745858564972878,-1.0,-1.0,-1.0,-1.0,-1.0,-1.0,-1.0,-1.0,-1.0,0.6529366374015808,0.4521934013991129,0.3641644469622908,0.5640602111816406,0.6749078631401062,0.4272143525235793,0.43544891868766983,0.7435417771339417,0.23844989016652107,0.5155715359293896,0.24934333860874175,0.4079626463353634,0.4276895299553871,0.309194986309324,0.554755171140035,0.6402745842933655,0.44075315445661545,-1.0,-1.0,-1.0,-1.0,-1.0,-1.0,-1.0,-1.0,-1.0
17,AAPL.OQ,2023-Feb-02,0.22608467936515808,0.37386053055524826,0.43653039788377695,0.5470708972877927,-1.0,0.40638256423613606,0.35960139830907184,0.32187753915786743,0.39065344631671906,0.30990637306656155,0.24538066305897452,0.341620541535891,0.2320711314678192,0.3901541501283646,0.20782357454299927,0.23343442380428314,0.24096207320690155,0.4941217601299286,0.6261335611343384,0.3566421642899513,-1.0,-1.0,-1.0,-1.0,-1.0,-1.0,0.12097865343093872,0.11627338040206167,0.19398836483215465,0.11415366000599331,-1.0,0.18928165295544794,0.1508847653865814,0.09484084943930308,0.1244319424033165,0.12914571006383216,0.4118548740040172,0.25770427687810016,0.11491826176643372,0.11510552316904069,0.12111736461520195,0.12629100680351257,0.11440865322947502,0.11359050869941711,0.11290216445922852,0.1155418399721384,-1.0,-1.0,-1.0,-1.0,-1.0,-1.0,0.6529366374015808,0.5098660679327117,0.36948122289674035,0.3387754344277912,-1.0,0.4043357740430271,0.48951382835706075,0.5832815965016683,0.4849145859479904,0.5609478961144175,0.34276444668119604,0.4006751489180785,0.6530106067657471,0.49474031925201417,0.6710590720176697,0.6402745842933655,0.6446292698383331,0.3922877013683319,0.2609642446041107,0.5278160013258457,-1.0,-1.0,-1.0,-1.0,-1.0,-1.0
18,AAPL.OQ,2023-May-04,0.22484669834375381,0.37180003185163846,0.4186211454647559,0.5504785776138306,-1.0,0.24766250040668708,0.3529087960720062,0.47962746769189835,0.5798255503177643,0.33307989239692687,0.3480051521744047,0.46559928804636,0.404324933886528,0.40594727652413504,0.5881834030151367,0.23343442380428314,-1.0,-1.0,0.22324738651514053,0.4551389515399933,0.6360752582550049,-1.0,-1.0,-1.0,-1.0,-1.0,0.12133142724633217,0.1467009684578939,0.1798589817351765,0.12165118133028348,-1.0,0.22828180572161308,0.182893834511439,0.08831478096544743,0.11524715700319835,0.12368786305189133,0.2696630997317178,0.1184696950018406,0.11281753331422806,0.1193198731967381,0.11283989995718002,0.12629100680351257,-1.0,-1.0,0.15646559745073318,0.1162860890229543,0.11340745538473129,-1.0,-1.0,-1.0,-1.0,-1.0,0.6538218259811401,0.4814989837733182,0.40151984989643097,0.3278702298800151,-1.0,0.5240556792570994,0.4641973634560903,0.4320577532052994,0.3049272745847702,0.5432322311401367,0.38233173957892824,0.4159310072660446,0.48285749554634094,0.4747328226055418,0.2989766597747803,0.6402745842933655,-1.0,-1.0,0.6202870011329651,0.42857492963473004,0.2505172789096832,-1.0,-1.0,-1.0,-1.0,-1.0
19,AAPL.OQ,2023-Nov-02,0.22613418847322464,0.3470505326986313,0.4595267014069991,0.36370979249477386,-1.0,0.4154141585032145,0.39827241202195485,0.16848304122686386,0.41410450850214275,0.2953902749638808,0.39523063351710636,0.4529811862637015,0.4356896330912908,0.40294012129306794,0.20709048211574554,0.23343442380428314,0.33249949912230176,-1.0,0.22870153188705444,0.23939591646194458,-1.0,0.6547185182571411,-1.0,0.27616769075393677,-1.0,-1.0,0.11941898241639137,0.12455215542153879,0.15958296558396382,0.11461788415908813,-1.0,0.15672456721464792,0.1442861708501975,0.07674558460712433,0.11701695940324239,0.13684679861915738,0.3606576795379321,0.16287918783286037,0.11276243875424068,0.12875211238861084,0.13856607675552368,0.12629100680351257,0.11728052298227946,-1.0,0.11615173518657684,0.12241530418395996,-1.0,0.12018882483243942,-1.0,0.11394525319337845,-1.0,-1.0,0.6544467806816101,0.5283972891894254,0.38089032301848585,0.521672323346138,-1.0,0.4278612554073334,0.4574414074420929,0.7547713816165924,0.4688785118716104,0.5677629101433253,0.2441116745273272,0.38413961494670196,0.4515479306379954,0.4683077305555344,0.6543433964252472,0.6402745842933655,0.5502199431260427,-1.0,0.6551467180252075,0.6381887793540955,-1.0,0.22509260475635529,-1.0,0.6098870635032654,-1.0,-1.0
20,AAPL.OQ,2024-Feb-01,0.1924847811460495,0.3893255442380905,0.5166091008766277,0.5252262850602468,-1.0,0.32868962585926054,0.42160708350794657,0.32756928106149036,0.57635215173165,0.30712012488108414,0.44584498181939125,0.3984828372212017,0.3257184326648712,0.41210895478725434,0.2208115210135778,0.23343442380428314,-1.0,-1.0,0.22870153188705444,0.23512697219848633,-1.0,-1.0,-1.0,0.21176141500473022,-1.0,-1.0,0.11955626308917999,0.1147519264370203,0.15517587093888102,0.1204843819141388,-1.0,0.15111420936882497,0.16827896343810217,0.10097682724396388,0.11521428575118382,0.125150665640831,0.28140978142619133,0.22286216257249608,0.11265598982572556,0.11178866624832154,0.1197677453358968,0.12629100680351257,-1.0,-1.0,0.11615173518657684,0.18401225407918295,-1.0,-1.0,-1.0,0.11955659836530685,-1.0,-1.0,0.6879588961601257,0.4959225058555603,0.3282150227475811,0.35428931812445325,-1.0,0.5201961472630501,0.4101139498608453,0.5714539090792338,0.30843354513247806,0.5677291957231668,0.2727452293038368,0.37865499626187715,0.5616255700588226,0.4761023700237274,0.6594207088152567,0.6402745842933655,-1.0,-1.0,0.6551467180252075,0.5808607538541158,-1.0,-1.0,-1.0,0.6686819791793823,-1.0,-1.0
21,GOOGL.OQ,2019-Apr-29,0.24850956350564957,0.3870995548509416,0.3488480441081218,-1.0,0.45589157193899155,0.2886294436951478,0.33507070487195795,0.38709086179733276,-1.0,0.32260061227358305,0.6001030206680298,0.2996399402618408,0.4030627567659725,0.2795938868075609,0.22925036773085594,-1.0,0.5782540738582611,-1.0,-1.0,0.2068924605846405,0.3228290379047394,-1.0,-1.0,-1.0,-1.0,-1.0,0.12351183220744133,0.1193687610682987,0.18318255360309893,-1.0,0.11338207870721817,0.16213328950107098,0.1294935911216519,0.12011539936065674,-1.0,0.1184147372841835,0.17323604226112366,0.11301218718290329,0.11426949636502699,0.1149500422179699,0.15438532456755638,-1.0,0.11247894540429115,-1.0,-1.0,0.16418670117855072,0.11253512278199196,-1.0,-1.0,-1.0,-1.0,-1.0,0.6279785931110382,0.4935316684700194,0.4679693831847264,-1.0,0.4307263270020485,0.5492372711499532,0.5354357178915631,0.4927937388420105,-1.0,0.5589846384066802,0.22666089236736298,0.5873478651046753,0.48266773332249036,0.6054560542106628,0.6163643151521683,-1.0,0.30926692485809326,-1.0,-1.0,0.6289207935333252,0.564635843038559,-1.0,-1.0,-1.0,-1.0,-1.0
22,GOOGL.OQ,2019-Jul-25,0.3081821948289871,0.3734004620848031,0.3880156958475709,-1.0,0.27508652210235596,0.2590730691497976,0.4270452509323756,0.5324840247631073,-1.0,0.29767975075678393,0.14623349905014038,0.4578624814748764,0.38651338685303926,0.3314983069896698,0.3401178866624832,0.23343442380428314,0.41976381465792656,0.3157934620976448,0.309450575709343,-1.0,-1.0,0.624179482460022,-1.0,-1.0,-1.0,-1.0,0.11900162696838379,0.11752960933693524,0.1299845245666802,-1.0,0.1129356101155281,0.13041467625986447,0.13160511354605356,0.11668224073946476,-1.0,0.11742296340790662,0.30640995502471924,0.2703108936548233,0.1281910864636302,0.11591210961341858,0.11571961641311646,0.12629100680351257,0.11370678804814816,0.12087887898087502,0.13699569702148437,-1.0,-1.0,0.11206064373254776,-1.0,-1.0,-1.0,-1.0,0.5728161633014679,0.5090699134201839,0.481999768409878,-1.0,0.6119778156280518,0.6105122349478982,0.44134962274914696,0.3508337624371052,-1.0,0.5848972729661248,0.5473565459251404,0.2718265901009242,0.4852955061942339,0.5525895595550537,0.5441624969244003,0.6402745842933655,0.46652938798069954,0.5633276402950287,0.553553718328476,-1.0,-1.0,0.2637598514556885,-1.0,-1.0,-1.0,-1.0
23,GOOGL.OQ,2019-Oct-28,0.2597835958003998,0.34576060710584416,0.3463497523750578,-1.0,-1.0,0.36184121016412973,0.35387366442453294,0.4200475960969925,0.4947258234024048,0.34414018750190734,0.14419737458229065,0.1984272003173828,0.43253642320632935,0.4814385047980717,0.3001606613397598,-1.0,0.2888748248418172,0.21692496538162231,0.3742688149213791,-1.0,0.5152916312217712,-1.0,-1.0,0.2459827959537506,0.6443896293640137,-1.0,0.11928170174360275,0.114729496266912,0.1978886855500085,-1.0,-1.0,0.11737328534945846,0.12821581817808606,0.10563288629055023,0.11414015293121338,0.13378226846456528,0.30829036235809326,0.18182575702667236,0.11342577387889226,0.1177586881177766,0.12220541387796402,-1.0,0.11279825369517009,0.14206503331661224,0.12275746216376622,-1.0,0.11199478060007095,-1.0,-1.0,0.11446782201528549,0.11490028351545334,-1.0,0.6209346652030945,0.5395098823834868,0.4557615603719439,-1.0,-1.0,0.520785491913557,0.5179104954004288,0.4743195027112961,0.39113399386405945,0.52207752764225,0.5475122928619385,0.6197470426559448,0.4540377805630366,0.40080278366804123,0.5776338974634806,-1.0,0.5983269214630127,0.6410099864006042,0.502973715464274,-1.0,0.372713565826416,-1.0,-1.0,0.6395493745803833,0.24071010947227478,-1.0
24,GOOGL.OQ,2020-Feb-03,-1.0,0.31920552040849415,0.46033122593706305,-1.0,-1.0,0.30592280502120656,0.3838172017624884,0.3764533797899882,0.5386220663785934,0.2885240375995636,0.14453406631946564,-1.0,0.4141100173195203,0.4687816947698593,0.30559582511583966,-1.0,0.19953526556491852,-1.0,0.5090979238351186,-1.0,-1.0,-1.0,0.5734169483184814,-1.0,0.6354141235351562,-1.0,-1.0,0.11670024622054327,0.13314741545102812,-1.0,-1.0,0.15642497564355531,0.12672358502944311,0.10448629409074783,0.11765579283237457,0.11951339691877365,0.3080607056617737,-1.0,0.11313251281778018,0.11430607736110687,0.11726312587658565,-1.0,0.10921620205044746,-1.0,0.11223643521467845,-1.0,-1.0,-1.0,0.11342760175466537,-1.0,0.11305587738752365,-1.0,-1.0,0.5640942149219059,0.40652134675871243,-1.0,-1.0,0.5376522069176038,0.48945920169353485,0.5190602838993073,0.3437221199274063,0.5919625401496887,0.5474052429199219,-1.0,0.4727574574450652,0.41691220871039797,0.5771410167217255,-1.0,0.6912485361099243,-1.0,0.37866562604904175,-1.0,-1.0,-1.0,0.3131554126739502,-1.0,0.2515300214290619,-1.0
25,GOOGL.OQ,2020-Jul-30,0.2597835958003998,0.40653645304533154,0.42035135796124284,-1.0,0.6287075281143188,0.4145253002643585,0.3382090017199516,0.272685281932354,0.42447027564048767,0.33280842570034236,-1.0,-1.0,0.4501636226971944,0.3485897738825191,0.2050398588180542,0.23343442380428314,-1.0,0.24643966555595398,0.3580525815486908,-1.0,0.634591817855835,-1.0,0.3247477859258652,0.45826423168182373,0.652778685092926,-1.0,0.11928170174360275,0.1283124447442018,0.20564431341534312,-1.0,0.11225761473178864,0.1242689804898368,0.11922356002032757,0.11502859555184841,0.11552497496207555,0.12168286740779877,-1.0,-1.0,0.11497370733155145,0.18555779890580612,0.11488402634859085,0.12629100680351257,-1.0,0.11463707685470581,0.11229728907346725,-1.0,0.11275321245193481,-1.0,0.11264721304178238,0.1121433824300766,0.11686602234840393,-1.0,0.6209346652030945,0.4651510858765015,0.37400431016629393,-1.0,0.25903481245040894,0.4612056877877977,0.5425674311816693,0.6122861057519913,0.46000473697980243,0.5455086956153045,-1.0,-1.0,0.4348626501030392,0.4658524123105136,0.6800760626792908,0.6402745842933655,-1.0,0.6389232277870178,0.5296501517295837,-1.0,0.25265493988990784,-1.0,0.5626049935817719,0.4295923709869385,0.23035529255867004,-1.0
26,GOOGL.OQ,2020-Oct-29,0.2597835958003998,0.35901342178213186,0.4170417257330634,-1.0,-1.0,0.33958224816755816,0.4705863677793079,0.38709086179733276,0.4806660811106364,0.3293583442767461,-1.0,-1.0,0.5049536840783225,0.43880361531461987,0.18004415705800056,-1.0,0.5316091775894165,0.19142881035804749,0.6543852090835571,-1.0,-1.0,-1.0,0.3307972550392151,-1.0,0.6179011464118958,-1.0,0.11928170174360275,0.11056500763214867,0.16307010332291777,-1.0,-1.0,0.15787415274164893,0.10543605519665612,0.12011539936065674,0.1132270817955335,0.1172812349266476,-1.0,-1.0,0.11345341718859142,0.11838834945644651,0.11815099269151688,-1.0,0.11287813633680344,0.1869587004184723,0.11443530023097992,-1.0,-1.0,-1.0,0.11314617842435837,-1.0,0.11578149348497391,-1.0,0.6209346652030945,0.530421551959268,0.41988815705884586,-1.0,-1.0,0.5025436011227694,0.42397758695814347,0.4927937388420105,0.4061068370938301,0.5533604081030246,-1.0,-1.0,0.38159289624955917,0.4428080235208784,0.7018048524856567,-1.0,0.35551267862319946,0.6216124296188354,0.23117946088314056,-1.0,-1.0,-1.0,0.556056559085846,-1.0,0.26631733030080795,-1.0
27,GOOGL.OQ,2021-Apr-27,0.26726556941866875,0.3126338923519308,0.415009973045343,-1.0,-1.0,0.3349974701801936,0.3997569592560039,0.3302782475948334,0.6239368915557861,0.2880039351141971,-1.0,-1.0,0.4652816094458103,0.5049598753452301,0.20499767363071442,0.23343442380428314,0.3511265069246292,-1.0,-1.0,-1.0,-1.0,-1.0,-1.0,-1.0,0.6517356634140015,-1.0,0.12076342664659023,0.1230000453916463,0.13866314029273313,-1.0,-1.0,0.11832080367538664,0.14532997415346258,0.12145181745290756,0.1122165396809578,0.13311257602080054,-1.0,-1.0,0.142216756939888,0.11337028667330742,0.11663892865180969,0.12629100680351257,0.11270857229828835,-1.0,-1.0,-1.0,-1.0,-1.0,-1.0,-1.0,0.11445286124944687,-1.0,0.611970990896225,0.5643660439686342,0.4463268690384351,-1.0,-1.0,0.5466817203495238,0.45491305957822237,0.5482699275016785,0.26384660601615906,0.5788834781750388,-1.0,-1.0,0.3925016174713771,0.38166982382535936,0.6783633828163147,0.6402745842933655,0.5361649096012115,-1.0,-1.0,-1.0,-1.0,-1.0,-1.0,-1.0,0.23381145298480988,-1.0
28,GOOGL.OQ,2021-Feb-02,0.2597835958003998,0.35599780288235894,0.43203807294368746,-1.0,-1.0,0.4047893990169872,0.4579247017701467,-1.0,0.3427458703517914,0.32730531692504883,-1.0,-1.0,0.42650023905130535,0.40832998752593996,0.20135399202505747,0.23343442380428314,0.5096478462219238,-1.0,0.2798762619495392,-1.0,-1.0,0.5692050457000732,-1.0,0.4017345905303955,0.6561061143875122,-1.0,0.11928170174360275,0.1446485424350048,0.17687777131795884,-1.0,-1.0,0.12427307665348053,0.11841885497172673,-1.0,0.11289632134139538,0.11616517087587944,-1.0,-1.0,0.13580919057130814,0.1356583818793297,0.1356940989693006,0.12629100680351257,0.1122716764609019,-1.0,0.11409151554107666,-1.0,-1.0,0.1516900658607483,-1.0,0.11305072158575058,0.11570839583873749,-1.0,0.6209346652030945,0.49935364723205566,0.3910841485857964,-1.0,-1.0,0.4709374809806997,0.4236564417680105,-1.0,0.5443578064441681,0.556529503602248,-1.0,-1.0,0.4376905560493469,0.4560116305947304,0.6629519065221151,0.6402745842933655,0.37808045744895935,-1.0,0.6060321927070618,-1.0,-1.0,0.2791047990322113,-1.0,0.4852146506309509,0.22818545997142792,-1.0
29,GOOGL.OQ,2021-Jul-27,0.2597835958003998,0.3685049696548565,0.3729994562340946,-1.0,0.19578340649604797,0.2207212634384632,0.3375141691593897,0.4896581172943115,0.6250532865524292,0.32889461734642583,0.2115306407213211,-1.0,0.5205254927277565,0.3810902883609136,0.2770748296752572,0.23343442380428314,0.4092409648001194,0.37171573005616665,-1.0,0.26430654525756836,0.3496468514204025,-1.0,-1.0,0.2509877383708954,0.6578922271728516,-1.0,0.11928170174360275,0.11680788015695037,0.14827527978071353,-1.0,0.12002631276845932,0.1965445540845394,0.10519048003923326,0.11338390409946442,0.11243674159049988,0.11268659603471558,0.5638678073883057,-1.0,0.11289770677685737,0.12027778973182042,0.10626458562910557,0.12629100680351257,0.11706038936972618,0.12135061156004667,-1.0,0.1333398073911667,0.12721943855285645,-1.0,-1.0,0.11307981610298157,0.11685914546251297,-1.0,0.6209346652030945,0.5146871321910137,0.4787252414517286,-1.0,0.6841902732849121,0.5827341601252556,0.5572953550588517,0.39695799350738525,0.26250994205474854,0.558418778081735,0.22460155189037323,-1.0,0.3665767848491669,0.4986319104830424,0.6166605800390244,0.6402745842933655,0.4736986309289932,0.5069336369633675,-1.0,0.6023536324501038,0.5231336802244186,-1.0,-1.0,0.635932445526123,0.2252485752105713,-1.0
30,GOOGL.OQ,2021-Oct-26,0.2522675742705663,0.3169974014163017,0.4644691883586347,-1.0,-1.0,0.3418761243422826,0.38641432583332064,0.33583682775497437,0.6429969072341919,0.25714281667023897,-1.0,0.33506298065185547,0.3920272929327829,0.4042933626721303,0.19592610672116278,0.23343442380428314,0.460061252117157,0.3893621390064557,0.2501831017434597,-1.0,-1.0,-1.0,-1.0,-1.0,0.6569926738739014,-1.0,0.12210178871949513,0.11540028514961402,0.14922369783744216,-1.0,-1.0,0.11666541132662031,0.13811076283454896,0.1284157782793045,0.11248255521059036,0.1185841066762805,-1.0,0.1144472174346447,0.11427775078586169,0.11426679541667302,0.10734345540404319,0.12629100680351257,0.11244209110736847,0.13838728641470274,0.137494008988142,-1.0,-1.0,-1.0,-1.0,-1.0,0.11568684875965118,-1.0,0.6256306171417236,0.5676023028790951,0.3863070933148265,-1.0,-1.0,0.5414584444628822,0.4754749023914337,0.5357474088668823,0.24452051520347595,0.6242730626836419,-1.0,0.5504897832870483,0.49369495042732786,0.48143982825179893,0.6967304468154907,0.6402745842933655,0.42749667167663574,0.47225055595239,0.6123228669166565,-1.0,-1.0,-1.0,-1.0,-1.0,0.22732043266296387,-1.0
31,GOOGL.OQ,2022-Apr-26,0.2541465796530247,0.33643708676099776,0.4080657986924052,-1.0,0.3706400692462921,0.40005839141932403,0.38057105541229247,0.31891635060310364,0.4233732149004936,0.31535296455809947,0.24991158644358316,-1.0,0.4391361077626546,0.4411220923066139,0.20841192454099655,0.23343442380428314,0.5126412808895111,0.3577879344423612,-1.0,-1.0,-1.0,0.6414205431938171,0.29169678688049316,-1.0,0.6578636169433594,-1.0,0.12139676697552204,0.12129352316260338,0.1715707752543191,-1.0,0.11366284638643265,0.15970143675804138,0.17886651841302711,0.12082353979349136,0.11730142310261726,0.12485226322161525,0.25818175077438354,-1.0,0.11370539789398511,0.11396834068000317,0.12169695645570755,0.12629100680351257,0.11243698000907898,0.11286510899662971,-1.0,-1.0,-1.0,0.13308186829090118,0.11259640008211136,-1.0,0.11619352549314499,-1.0,0.6244566291570663,0.5422693764170011,0.4203634162743886,-1.0,0.5156970620155334,0.4402401542121714,0.4405624146262805,0.5602601170539856,0.45932532101869583,0.5597947647697047,0.4919066329797109,-1.0,0.4471584806839625,0.44490957260131836,0.6698911190032959,0.6402745842933655,0.3749217589696248,0.5293469329675039,-1.0,-1.0,-1.0,0.22549760341644287,0.5957068204879761,-1.0,0.22594285011291504,-1.0
32,GOOGL.OQ,2022-Feb-01,0.2541465796530247,0.40635536253452303,0.36679968427097986,-1.0,-1.0,0.4032402959736911,0.41668971398702037,0.4388668015599251,-1.0,0.28097840681158265,0.19202515482902527,0.25632548332214355,0.4544632559021314,0.47546530853618274,0.3957885578274727,0.23343442380428314,0.39365914165973664,0.33146856129169466,-1.0,0.24934832751750946,-1.0,0.24918116629123688,0.33307886123657227,0.19386519491672516,0.6578636169433594,-1.0,0.12139676697552204,0.1152173188328743,0.12201707341545631,-1.0,-1.0,0.16452110897411,0.11881604504126769,0.11451406031847,-1.0,0.12123253100134175,0.5760737657546997,0.11344847828149796,0.11325085287292798,0.11476032029498708,0.11623654514551163,0.12629100680351257,0.11280346214771271,0.11390463560819626,-1.0,0.2947029322385788,-1.0,0.30041950196027756,0.06956753879785538,0.1228216215968132,0.11619352549314499,-1.0,0.6244566291570663,0.47842730820178986,0.5111832280480673,-1.0,-1.0,0.43223857473243366,0.464494238106104,0.44661908596754074,-1.0,0.5977890491485596,0.23190101981163025,0.6302260160446167,0.4322858874996503,0.40977435491301795,0.4879748821258545,0.6402745842933655,0.4935373723506927,0.5546267986297607,-1.0,0.45594872534275055,-1.0,0.4503992944955826,0.5973535776138306,0.6833131909370422,0.22594285011291504,-1.0
33,GOOGL.OQ,2022-Jul-26,0.2597835958003998,0.39240374267101286,0.37415745817124846,-1.0,0.4411841034889221,0.35986274977525073,0.4409310880460237,-1.0,0.5453792214393616,0.31523240421499527,0.3158668130636215,-1.0,0.5093945264816284,0.3315673963381694,0.213522603114446,0.23343442380428314,0.38698409994443256,0.3504611576596896,0.5346197783946991,0.1994006559252739,0.6339268684387207,-1.0,0.3588021695613861,-1.0,0.6578636169433594,-1.0,0.11928170174360275,0.11542788326740265,0.23193270079791545,-1.0,0.1123117208480835,0.14421788520283169,0.10810453229044613,-1.0,0.11318299919366837,0.12282429529087883,0.276133269071579,-1.0,0.11287839545143975,0.1381670030263754,0.11867112169663112,0.12629100680351257,0.0993608186642329,0.11694742366671562,0.1129949539899826,0.13589291274547577,0.11212597042322159,-1.0,0.11270051449537277,-1.0,0.11619352549314499,-1.0,0.6209346652030945,0.4921683698892593,0.3939098250120878,-1.0,0.4465041756629944,0.4959193517764409,0.45096438025173385,-1.0,0.34143778681755066,0.5619432858058384,0.4079999625682831,-1.0,0.3777270515759786,0.5302655914655099,0.6678062578042349,0.6402745842933655,0.5136550764242808,0.5325914025306702,0.3523852527141571,0.6647064387798309,0.2539472281932831,-1.0,0.5284973382949829,-1.0,0.22594285011291504,-1.0
34,GOOGL.OQ,2022-Oct-25,0.2597835958003998,0.36492127539782687,0.29360775486989454,-1.0,-1.0,0.3469923958182335,0.42941016586203323,0.3142836391925812,-1.0,0.29630322612467264,0.24322763979434966,0.36763715744018555,0.4651825223118067,0.47624172270298004,0.1555216076473395,0.23343442380428314,0.5695689469575882,0.48566919565200806,0.3925398290157318,0.41258150339126587,-1.0,-1.0,-1.0,0.5442475080490112,0.6560788154602051,-1.0,0.11928170174360275,0.11885868423971636,0.3055903116410429,-1.0,-1.0,0.1419552986820539,0.12077158454217408,0.12095791101455688,-1.0,0.12371800946337837,0.17403527200222016,0.11286415904760361,0.11342823971062899,0.11333601735532284,0.0899073425680399,0.12629100680351257,0.11315488629043102,0.1156226322054863,0.11428435146808624,0.15933335572481155,-1.0,-1.0,-1.0,0.11267709732055664,0.11519311368465424,-1.0,0.6209346652030945,0.5162200254612955,0.4008019279349934,-1.0,-1.0,0.5110523030161858,0.44981825273287923,0.5647584497928619,-1.0,0.5799787527038938,0.5827370822429657,0.5194987058639526,0.42138922959566116,0.4104222431778908,0.7545710206031799,0.6402745842933655,0.31727612763643265,0.39870819449424744,0.49317577481269836,0.4280851185321808,-1.0,-1.0,-1.0,0.3430754542350769,0.2287280410528183,-1.0
35,GOOGL.OQ,2023-Apr-25,0.2522675742705663,0.3487071588232711,0.38610043428664986,-1.0,-1.0,0.2975479372237858,0.3873176150023937,-1.0,0.420483835041523,0.2875698997128394,0.5702859163284302,-1.0,0.4456577096134424,0.46001299364226206,0.2710226895287633,0.23343442380428314,0.43380821868777275,0.4733789265155792,-1.0,0.20185071229934692,0.48188409209251404,0.6388298869132996,-1.0,0.42357557639479637,0.6580324769020081,-1.0,0.12210178871949513,0.11798274839246595,0.18156829216452533,-1.0,-1.0,0.15069662387433805,0.12881291918456556,-1.0,0.11714192107319832,0.13274127148812817,0.20068082213401794,-1.0,0.1148845013231039,0.11779536679387093,0.10780232772231102,0.12629100680351257,0.11334576085209846,0.11252911761403084,-1.0,0.13142377138137817,0.1069336049258709,0.11385753005743027,-1.0,0.11258482281118631,0.11748924106359482,-1.0,0.6256306171417236,0.5333100770776337,0.43233126159324203,-1.0,-1.0,0.5517554267456657,0.4838694617152214,-1.0,0.4623742178082466,0.5796888211081105,0.22903326153755188,-1.0,0.4394577592611313,0.4221916230661528,0.6211749911308289,0.6402745842933655,0.4528459757566452,0.41409189999103546,-1.0,0.6667255163192749,0.4111822694540024,0.24731255322694778,-1.0,0.463839590549469,0.22447825968265533,-1.0
36,GOOGL.OQ,2023-Feb-02,0.2597835958003998,0.4101263173988887,0.3154738504971777,-1.0,0.5893833637237549,0.3512968085706234,0.4029822169165862,0.29732103645801544,0.3526964733997981,0.2795160356022063,0.19757160544395447,0.6151848435401917,0.5059568009206227,0.36700035844530376,0.3710006415843964,0.23343442380428314,0.3868749861915906,0.6099804639816284,-1.0,0.2409303387006124,-1.0,0.184764102101326,-1.0,0.3732442706823349,0.6580324769020081,-1.0,0.11928170174360275,0.11586708554199764,0.25562487563916614,-1.0,0.12004045397043228,0.11749135795980692,0.1517009362578392,0.12343720595041911,0.1147248422106107,0.11982920056297666,0.5813353061676025,0.11231271922588348,0.11345975420304708,0.11398124269076756,0.1174554020166397,0.12629100680351257,0.11248065903782845,0.1128375455737114,-1.0,0.38723766555388767,-1.0,0.5884565114974976,-1.0,0.11281367391347885,0.11748924106359482,-1.0,0.6209346652030945,0.47400658769266946,0.4289012598139899,-1.0,0.29057613015174866,0.5312118120491505,0.4453168229052895,0.5792417526245117,0.5325786769390106,0.6006547425474439,0.2210930436849594,0.27250242233276367,0.38058342997516903,0.5190183903489795,0.5115439355373382,0.6402745842933655,0.5006443361441294,0.277182012796402,-1.0,0.3718320031960805,-1.0,0.22677935659885406,-1.0,0.5139420245374952,0.22447825968265533,-1.0
37,GOOGL.OQ,2023-Jul-25,0.2597835958003998,0.3575526936186684,0.42297122530315234,0.5746898651123047,-1.0,0.4101345343515277,0.4586763268425351,-1.0,0.4356402059396108,0.2928780191823056,-1.0,-1.0,0.5744626096316746,0.335243858397007,0.1489995022614797,0.23343442380428314,0.5397467613220215,0.5401743650436401,0.21416175365447998,-1.0,-1.0,0.5229650735855103,-1.0,0.3617027740586888,0.6568222045898438,-1.0,0.11928170174360275,0.11349127750015921,0.15803564518042232,0.11174972355365753,-1.0,0.16819229861721396,0.11521810789903005,-1.0,0.11379209905862808,0.12023796846992091,-1.0,-1.0,0.11276907048055104,0.17330713849514723,0.10971179356177647,0.12629100680351257,0.11368981748819351,0.11174874752759933,0.1156662181019783,-1.0,-1.0,0.11321787536144257,-1.0,0.11330231143669649,0.11709541082382202,-1.0,0.6209346652030945,0.5289560072951847,0.4189931151011716,0.3135603964328766,-1.0,0.42167315538972616,0.4261055418423244,-1.0,0.45056767265001935,0.586883995878069,-1.0,-1.0,0.3127682975360325,0.491448987275362,0.7412887215614319,0.6402745842933655,0.3465633988380432,0.3480769097805023,0.6701720356941223,-1.0,-1.0,0.3638170063495636,-1.0,0.5249949070540342,0.22608235478401184,-1.0
38,GOOGL.OQ,2023-Oct-24,0.2522675742705663,0.3317174468721662,0.40119309680802484,-1.0,-1.0,0.4218069397740894,0.4958761845316206,-1.0,0.4132276736199856,0.35911253333091736,-1.0,-1.0,0.5781272153059641,0.4357754848897457,0.38410401344299316,-1.0,0.4238225743174553,0.5156043370564779,-1.0,-1.0,0.25060391426086426,-1.0,-1.0,0.33650038242340086,0.6584411263465881,-1.0,0.12210178871949513,0.11565569043159485,0.16727272932018553,-1.0,-1.0,0.1438869966400994,0.12330881080457143,-1.0,0.1146888229995966,0.12361085206270218,-1.0,-1.0,0.11401800811290741,0.11839229241013527,0.10141949728131294,-1.0,0.11296490579843521,0.11252955098946889,-1.0,-1.0,0.1606805920600891,-1.0,-1.0,0.11366808861494064,0.11690118163824081,-1.0,0.6256306171417236,0.5526268512010575,0.43153416769845143,-1.0,-1.0,0.4343060437175963,0.38081499011743636,-1.0,0.4720834866166115,0.5172766029834748,-1.0,-1.0,0.3078547616799672,0.4458322152495384,0.5144764721393585,-1.0,0.4632125049829483,0.3718660573164622,-1.0,-1.0,0.5887154936790466,-1.0,-1.0,0.5498315066099166,0.22465769946575165,-1.0
39,GOOGL.OQ,2024-Jan-30,0.2597835958003998,0.36633190876907773,0.40661831141686905,-1.0,-1.0,0.409954854532292,0.421888468650783,0.36836368838946026,0.5059478115290403,0.316877401471138,0.254744291305542,-1.0,0.4579005688428879,0.25087979063391685,0.263367493947347,0.23343442380428314,0.39141589403152466,-1.0,-1.0,-1.0,0.6383728981018066,0.3059728443622589,0.22321883589029312,0.3092000335454941,0.6574982404708862,-1.0,0.11928170174360275,0.11680018719699647,0.1428000342064336,-1.0,-1.0,0.14546555398326172,0.11383319627947924,0.11978908628225327,0.1136986156925559,0.11921253234148026,0.1131008192896843,-1.0,0.11364960484206676,0.15135975182056427,0.11668828626473744,0.12629100680351257,0.11010550293657514,-1.0,-1.0,-1.0,0.1128709465265274,0.11179806292057037,0.12112507224082947,0.11338845454156399,0.11668580770492554,-1.0,0.6209346652030945,0.5168678883049224,0.45058164234254877,-1.0,-1.0,0.4445795652113463,0.46427831889652627,0.511847198009491,0.3803535494953394,0.5639100527763367,0.6321548819541931,-1.0,0.4284498244524002,0.5977604389190674,0.6199442148208618,0.6402745842933655,0.4984785815080007,-1.0,-1.0,-1.0,0.24875609576702118,0.5822290182113647,0.655656099319458,0.5774115100502968,0.22581590712070465,-1.0
40,MSFT.OQ,2018-Oct-24,0.2597835958003998,0.37170804761074205,0.46287744575076634,-1.0,0.4758224678891046,0.4653495805604117,0.4687237610419591,0.48533400148153305,-1.0,0.3297552755102515,-1.0,-1.0,0.19801481068134308,0.4315920216696603,0.24159497519334158,0.23343442380428314,0.3355526626110077,0.3360719316535526,0.5190672874450684,0.6451779007911682,0.2679285407066345,0.4706080794334412,0.2942109654347102,-1.0,0.5815366407235464,0.31109822009290966,0.11928170174360275,0.11617521306982746,0.1798033936156167,-1.0,0.113601382289614,0.17434159879173552,0.1148104707400004,0.11091839149594307,-1.0,0.11911170789971948,-1.0,-1.0,0.12981528043746948,0.1179522299340793,0.11569200952847798,0.12629100680351257,0.11226507276296616,0.11238991800281736,0.18441259115934372,0.11813009530305862,0.1126423105597496,0.12727779895067215,0.11292868107557297,-1.0,0.10846661527951558,0.1154910655958312,0.6209346652030945,0.5121167269017961,0.35731914937496184,-1.0,0.41057610511779785,0.36030878339494976,0.41646575133005775,0.4037475809454918,-1.0,0.5511329993605614,-1.0,-1.0,0.6721698641777039,0.45045573157923563,0.6427129904429117,0.6402745842933655,0.5521822571754456,0.5515381528271569,0.2965201096875327,0.23669199645519257,0.6194291114807129,0.4021141231060028,0.5928603410720825,-1.0,0.30999671916166943,0.5734107068606785
41,MSFT.OQ,2019-Apr-24,0.2597835958003998,0.4030308544635773,0.5213538484440909,-1.0,0.480728080868721,0.3576930273662914,0.44106256403028965,0.3439216911792755,-1.0,0.3030373230576515,-1.0,-1.0,0.6095921695232391,0.35022373124957085,0.20349480956792831,0.23343442380428314,0.41118496656417847,0.45821629961331684,0.47227388992905617,-1.0,-1.0,0.38585077971220016,0.22148611148198447,-1.0,0.3672322481870651,0.37570539116859436,0.11928170174360275,0.11636914536356927,0.12475463950799572,-1.0,0.11282935291528702,0.11807665973901749,0.14007584191858768,0.10091579332947731,-1.0,0.12236263851324718,-1.0,-1.0,0.11348246410489082,0.11829677578061819,0.12423470988869667,0.12629100680351257,0.112421415746212,0.1127521221836408,0.22197601944208145,-1.0,-1.0,0.14380376785993576,0.11652953674395879,-1.0,0.15085737513644354,0.11393132992088795,0.6209346652030945,0.4805999740958214,0.35389150347974563,-1.0,0.4064425349235535,0.5242302851243452,0.4188615803917249,0.5551624894142151,-1.0,0.5746000173191229,-1.0,-1.0,0.27692537009716034,0.5314794771373272,0.6722704768180847,0.6402745842933655,0.47639358043670654,0.42903157075246173,0.3057500831782818,-1.0,-1.0,0.4703454077243805,0.661984364191691,-1.0,0.48191037135464804,0.5103632807731628
42,MSFT.OQ,2019-Jan-30,0.2597835958003998,0.29342990794352125,0.5164064764976501,0.4316160976886749,0.5101160824298858,0.3468732386827469,0.3831832133233547,0.52028755346934,0.5200720280408859,0.3183806836605072,-1.0,-1.0,0.6572895050048828,0.3240637353768474,0.20878741890192032,-1.0,-1.0,0.32635989785194397,0.305861035361886,0.2195112705230713,-1.0,0.43058180809020996,0.37272686660289767,-1.0,0.413570761680603,0.26936494931578636,0.11928170174360275,0.11933322197624616,0.1709482435669218,0.11748602613806725,0.11326265335083008,0.12679953575134278,0.1710031855851412,0.09527934342622757,0.24841498583555222,0.12225077860057354,-1.0,-1.0,0.1161494255065918,0.11481995890407186,0.11806456744670868,-1.0,-1.0,0.11912974715232849,0.3669617362320423,0.12060370296239853,-1.0,0.3754655420780182,0.11445013582706451,-1.0,0.39940145611763,0.11651857569813728,0.6209346652030945,0.5872368535825184,0.31264526162828715,0.45089787244796753,0.37662123441696166,0.5263272225856781,0.44581358656287196,0.3844330906867981,0.23151296377182007,0.5593685209751129,-1.0,-1.0,0.22656100988388062,0.5611162938569721,0.6731479912996292,-1.0,-1.0,0.5545103847980499,0.32717722468078136,0.659885048866272,-1.0,0.1939525604248047,0.5128229677677154,-1.0,0.1870277374982834,0.6141164787113667
43,MSFT.OQ,2019-Jul-18,0.23723553121089935,0.33518164480725926,0.5542582681645518,0.6532338261604309,0.4900989644229412,0.45327404818751593,0.42636769730597734,0.4050692319869995,-1.0,0.3235311955213547,-1.0,-1.0,0.6403213739395142,0.3800011446347108,0.20489411056041718,0.23343442380428314,-1.0,0.34014735743403435,0.48932800193627674,0.6108829975128174,0.20614755153656006,0.6088997647166252,0.2729564779079877,-1.0,0.5338513553142548,0.29344504858766285,0.1277419626712799,0.11364507054289182,0.13586238609707874,0.11565921828150749,0.1130116693675518,0.12517102943225342,0.11956587759777904,0.11324743429819743,-1.0,0.12426342566808064,-1.0,-1.0,0.11313342303037643,0.11860204165851748,0.11622608453035355,0.12629100680351257,-1.0,0.11892006732523441,0.2416165048877398,0.11265366524457932,0.11913523077964783,0.11690536886453629,0.1167361713372744,-1.0,0.10463427379727364,0.11637389127697263,0.6350225210189819,0.5511732722322146,0.30987932694994885,0.2311069592833519,0.3968893438577652,0.421554910865697,0.4540664181113243,0.48168331881364185,-1.0,0.5522053589423498,-1.0,-1.0,0.24654516577720642,0.5013967965905731,0.6788797974586487,0.6402745842933655,-1.0,0.5409325733780861,0.2690554807583491,0.2764633595943451,0.6747172474861145,0.2741948440670967,0.610307338146063,-1.0,0.3615143597126007,0.5901810484273093
44,MSFT.OQ,2019-Oct-23,0.24850956350564957,0.3498063140055713,0.5414428630980049,-1.0,0.3568437695503235,0.3190518707036972,0.3596208691596985,0.40857287247975665,-1.0,0.3728199432293574,-1.0,-1.0,0.4601406753063202,0.4122433412459589,0.3655555645624797,0.23343442380428314,0.4361967295408249,0.39793503781159717,0.5388688780367374,-1.0,-1.0,0.4893541733423869,0.3257860876619816,-1.0,0.42038482924302417,0.31754553814729053,0.12351183220744133,0.11187144237406113,0.13878514217894253,-1.0,0.11539967854817708,0.12075472027063369,0.12334167088071506,0.11131863296031952,-1.0,0.11691499402125677,-1.0,-1.0,0.11369834095239639,0.1143149935430096,0.11722726126511891,0.12629100680351257,0.11259469389915466,0.11361284429828326,0.2367869820445776,-1.0,-1.0,0.1409942458073298,0.11441507190465927,-1.0,0.11467048153281212,0.11411164825161298,0.6279785931110382,0.5383222383611342,0.319771970190653,-1.0,0.527756541967392,0.5601933866739273,0.5170374338825544,0.48010848959287006,-1.0,0.51026504834493,-1.0,-1.0,0.4261609613895416,0.4734416546360139,0.5172171592712402,0.6402745842933655,0.45120854675769806,0.48845209181308746,0.2243441343307495,-1.0,-1.0,0.36965156098206836,0.5597988367080688,-1.0,0.4649446780482928,0.5683428148428599
45,MSFT.OQ,2020-Apr-29,0.23723553121089935,0.34739813471541686,0.46477937372401357,0.43366503715515137,0.40851446986198425,0.41825917959213255,0.3829728367513624,0.4148859530687332,0.3848932087421417,0.2704703748226166,-1.0,-1.0,0.3961140066385269,0.3518734304486094,0.21898702681064605,0.23343442380428314,0.2644505202770233,0.34117969622214633,0.553428590297699,0.23303096741437912,-1.0,-1.0,0.25432773483426946,-1.0,0.5066315054893493,0.3261955678462982,0.1277419626712799,0.11582393505994011,0.20023779780603945,0.1362626552581787,0.11282026022672653,0.11582925766706467,0.18078184397570018,0.10129737854003906,0.11305905878543854,0.11689066506922245,-1.0,-1.0,0.16877025738358498,0.11687137196595604,0.11671800166368484,0.12629100680351257,0.1156715378165245,0.11806839580337207,0.19590157270431519,0.11716055870056152,-1.0,-1.0,0.1193546272422138,-1.0,0.15400728583335876,0.11481303721666336,0.6350225210189819,0.5367779065580929,0.3349828184582293,0.43007227778434753,0.4786652773618698,0.4659115344285965,0.4362453068124837,0.4838166683912277,0.5020477473735809,0.6126389467716217,-1.0,-1.0,0.435115709900856,0.5312551864095636,0.6642949700355529,0.6402745842933655,0.6198779543240865,0.5407518694798151,0.25066982209682465,0.6498084664344788,-1.0,-1.0,0.6263176171403182,-1.0,0.33936117589473724,0.5589913874864578
46,MSFT.OQ,2020-Jan-29,0.2597835958003998,0.304226566106081,0.5233386712960708,-1.0,0.530591348807017,0.3337256891859902,0.35322535037994385,0.25015557557344437,-1.0,0.32197847714026767,-1.0,-1.0,0.5757387280464172,0.3251001685857773,0.20391643047332764,0.23343442380428314,0.3189089745283127,0.24274373551209769,0.5475841710964838,-1.0,-1.0,0.41141465306282043,0.26316518655845095,-1.0,0.5250597298145294,0.2518379007066999,0.11928170174360275,0.11518521700054407,0.13429576139419508,-1.0,0.11426449567079544,0.12388388646973504,0.14587670530785213,0.09915294125676155,-1.0,0.12729945530494055,-1.0,-1.0,0.11162897944450378,0.11437942109563771,0.1355608105659485,0.12629100680351257,0.11244053766131401,0.22294339537620544,0.1261852044198248,-1.0,-1.0,0.12410014122724533,0.12005127540656499,-1.0,0.10918168537318707,0.11660484011684145,0.6209346652030945,0.5805882047861814,0.3423655525996135,-1.0,0.3551441232363383,0.5423904011646906,0.5008979317816821,0.6506914794445038,-1.0,0.550722062587738,-1.0,-1.0,0.3126322627067566,0.5605203969513669,0.6605227291584015,0.6402745842933655,0.568650484085083,0.5343128542105356,0.32623062531153363,-1.0,-1.0,0.4644852081934611,0.6167835167476109,-1.0,0.36575859785079956,0.6315572389534542
47,MSFT.OQ,2020-Jul-22,-1.0,0.35696260465515983,0.47979070442287547,-1.0,0.37871292730172473,0.2184461255868276,0.42117731769879657,0.4211702346801758,0.4514554738998413,0.28434264101088047,-1.0,-1.0,0.5463550090789795,0.40432630503369915,0.2351327519863844,0.22725169733166695,0.6098318099975586,0.419424843788147,0.4968547509475188,-1.0,-1.0,-1.0,0.30342308017942643,0.3147682547569275,0.6552045543988546,0.3587907784514957,-1.0,0.11440231237146589,0.18847654446175224,-1.0,0.1371753104031086,0.12047385921080907,0.1421126135521465,0.10713406652212143,0.10716616610685985,0.12401852197945118,-1.0,-1.0,0.11359569430351257,0.10511732485986525,0.11901802383363247,0.12953385338187218,0.11229176074266434,0.11297124177217484,0.2521880871870301,-1.0,-1.0,-1.0,0.10727780974573559,0.11267866939306259,0.11788204560677211,0.11661292943689558,-1.0,0.5286350631051593,0.331732749546829,-1.0,0.4841117486357689,0.661080002784729,0.43671003977457684,0.4716957062482834,0.4413783550262451,0.5916388155892491,-1.0,-1.0,0.34004925936460495,0.49055635160015476,0.6458492055535316,0.6432144343852997,0.2778763771057129,0.467603874206543,0.2509571340951053,-1.0,-1.0,-1.0,0.5892990926901499,0.5725530982017517,0.22691338757673898,0.5245962705877092
48,MSFT.OQ,2020-Oct-27,0.2597835958003998,0.3038167388488849,0.5576680838130414,0.5008811752001444,0.37196315824985504,0.3141219913959503,0.3461542037817148,0.39845019578933716,-1.0,0.30446478373864116,-1.0,0.6539431810379028,0.4011829247077306,0.35356167471036315,0.23437802828848361,0.23343442380428314,0.2357933074235916,0.34743417203426363,0.3441614533464114,0.5947573979695638,-1.0,-1.0,0.2902124994076215,-1.0,0.5377157131830851,0.3286692810555299,0.11928170174360275,0.10578174601929884,0.16264188615605235,0.11331120630105336,0.11349006742238998,0.12970025837421417,0.16259852051734924,0.14751268364489079,-1.0,0.14109916283803828,-1.0,0.11665762215852737,0.1156689425309499,0.1172656062990427,0.11414452418684959,0.12629100680351257,0.11414904519915581,0.11322523057460784,0.31370422927041847,0.1265622799595197,-1.0,-1.0,0.1162008992754496,-1.0,0.10780977954467137,0.11689999140799046,0.6209346652030945,0.5904015054305395,0.2796900160610676,0.3858075837294261,0.5145467817783356,0.5561777278780937,0.4912472630922611,0.4540370926260948,-1.0,0.5544360297567704,-1.0,0.22939912974834442,0.48314810295899707,0.5291727115400136,0.6514774441719056,0.6402745842933655,0.6500576436519623,0.5393405795097351,0.34213429937760037,0.27868027488390607,-1.0,-1.0,0.5935865755264575,-1.0,0.3544744898875554,0.5544307231903076
49,MSFT.OQ,2021-Apr-27,0.2597835958003998,0.36505133319984784,0.5484941935255414,-1.0,0.506335511803627,0.3177644991212421,0.4316953773299853,0.308711439371109,0.7257583737373352,0.3216212595050985,-1.0,-1.0,0.6493399739265442,0.3803544019053622,0.2065218985080719,0.20938409864902496,0.40967043737570447,0.34079588001424616,0.3890393227338791,-1.0,0.6053390502929688,-1.0,0.2796506981054942,-1.0,0.5037535528341929,0.3359833317143576,0.11928170174360275,0.11447138542478735,0.1569112879889352,-1.0,0.11259429529309273,0.13529479255278906,0.14337124079465866,0.11867313273251057,0.08342023938894272,0.11852351101962003,-1.0,-1.0,0.11500152945518494,0.1160117969280336,0.11779609695076942,0.1466761827468872,0.11254032949606578,0.1360265605828979,0.3068040952086449,-1.0,0.11176931113004684,-1.0,0.11676452060540517,-1.0,0.11508453140656154,0.1166976700936045,0.6209346652030945,0.5204772624102506,0.29459450039125623,-1.0,0.38107019662857056,0.5469406876299117,0.424933360517025,0.5726154297590256,0.19082136452198029,0.559855195609006,-1.0,-1.0,0.2356584668159485,0.5036337877192149,0.6756819784641266,0.6439396739006042,0.4777892231941223,0.5231775505976244,0.30415654480457305,-1.0,0.2828916609287262,-1.0,0.6035847639044126,-1.0,0.3811619281768799,0.5473189715828214
50,MSFT.OQ,2021-Jan-26,-1.0,0.3413652449846268,0.5461659075283423,0.6583205461502075,0.47006038427352903,0.3872954746087392,0.4649797510355711,0.46980351209640503,0.6610423723856608,0.29731152372227776,-1.0,-1.0,0.27634575963020325,0.39913725632208363,0.21558550000190735,0.22942603627840677,0.2522863795359929,0.3512074400981267,0.560374990105629,0.20478713512420654,-1.0,0.6232634782791138,0.25605209566214504,-1.0,0.6263471961021423,0.3648692284311567,-1.0,0.1148451879620552,0.13972302217309068,0.11688625812530518,0.11258956342935562,0.13839454328020415,0.1167639537403981,0.11420588195323944,0.10573846846818924,0.11856939188308185,-1.0,-1.0,0.1127326563000679,0.11630945459560112,0.12104087918996811,0.12968853612740835,0.11587164799372356,0.12910868475834528,0.19802219420671463,0.12329727411270142,-1.0,0.11482160538434982,0.10443589535048779,-1.0,0.11458424925804138,0.14355632875646865,-1.0,0.5437895387411118,0.3141110484919897,0.22479315102100372,0.4173500567674637,0.4743099610010783,0.41825628466904163,0.4159906134009361,0.23321914176146188,0.5841190665960312,-1.0,-1.0,0.6109215617179871,0.484553274181154,0.663373601436615,0.6408854325612386,0.6318419575691223,0.5196838726600012,0.24160278340180716,0.671915590763092,-1.0,0.2619148790836334,0.6395120077273425,-1.0,0.2590685456991196,0.4915744342974254
51,MSFT.OQ,2021-Jul-27,0.2597835958003998,0.41167810559272766,0.5222770384812759,-1.0,0.409377446770668,0.4459949806332588,0.5084218525638183,0.47306327025095624,-1.0,0.2972718272358179,-1.0,-1.0,0.4707195460796356,0.3579093324832427,0.20789067447185516,-1.0,0.29052674770355225,0.4210531413555145,0.27568404749035835,-1.0,-1.0,0.27984875440597534,0.27599499250451726,-1.0,0.5431631356477737,0.3676956196626027,0.11928170174360275,0.1125153409583228,0.14970793257767367,-1.0,0.11387875825166702,0.11878003428379695,0.11570220502714317,0.10688712199529012,-1.0,0.12648223340511322,-1.0,-1.0,0.11351897319157918,0.11579085072168173,0.11538143455982208,-1.0,0.11336482688784599,0.12776926532387733,0.35613671224564314,-1.0,-1.0,0.2664618492126465,0.12339460973938306,-1.0,0.11547873541712761,0.11636490126450856,0.6209346652030945,0.47580653003283907,0.32801501478179024,-1.0,0.4767437934875488,0.4352249453465144,0.3758759244034688,0.42004960775375366,-1.0,0.5762459170073271,-1.0,-1.0,0.41576145589351654,0.5262997983357846,0.676727831363678,-1.0,0.5961083769798279,0.45117758214473724,0.3681792300194502,-1.0,-1.0,0.4536893963813782,0.6006103778878847,-1.0,0.34135812893509865,0.5159394641717275
52,MSFT.OQ,2021-Oct-26,0.2597835958003998,0.4074685854070327,0.5383072290066127,-1.0,0.3989084022385733,0.2039366513490677,0.39830833501540697,0.2596072480082512,0.5172248631715775,0.3739439155906439,-1.0,-1.0,-1.0,0.309935754641544,0.21207652986049652,0.23021680116653442,0.2620282918214798,0.2618345419565837,0.601197383233479,0.2801416218280792,-1.0,0.6550025343894958,0.2653181850910187,-1.0,0.6563933491706848,0.6536429524421692,0.11928170174360275,0.11800485060495489,0.17580687033163533,-1.0,0.10907919704914093,0.1266203597187996,0.11873414969215026,0.10025949776172638,0.10235820710659027,0.12211912451311946,-1.0,-1.0,-1.0,0.12922377804250912,0.12004525533744267,0.12588933358589807,0.11321194469928741,0.12054196248451869,0.16519493396793092,0.13437000662088394,-1.0,0.11527994275093079,0.10542087978683412,-1.0,0.11599738523364067,0.11652079224586487,0.6209346652030945,0.4745265517164679,0.285885890996134,-1.0,0.4920123985835484,0.6694429665803909,0.48295749781223446,0.640133261680603,0.3804169148206711,0.5039369352161884,-1.0,-1.0,-1.0,0.5608404507470686,0.6678781935146877,0.6438938776652018,0.6247597634792328,0.6176234980424246,0.23360767321927206,0.585488349199295,-1.0,0.2297174632549286,0.629260927438736,-1.0,0.2276092916727066,0.22983624041080475
53,MSFT.OQ,2022-Apr-26,-1.0,0.3608404343778437,0.47277847223955655,0.5997520685195923,0.25175177802642185,0.22010493278503418,0.35144184797030426,0.19582825899124146,0.19797390699386597,0.2700443151406944,-1.0,-1.0,0.2660491168498993,0.37237414676282143,0.24353626742959023,0.23343442380428314,0.23993371427059174,0.2849585985143979,0.36955227170671734,0.21927465498447418,0.2596041262149811,-1.0,0.29456014718328205,-1.0,0.5066349934786558,0.3551691451242992,-1.0,0.1297974931922826,0.22235543863928836,0.11221691220998764,0.11659197136759758,0.2081732988357544,0.1659457879140973,0.08489257097244263,0.12139081954956055,0.12626534549053758,-1.0,-1.0,0.11292025446891785,0.1216520747790734,0.12202820554375648,0.12629100680351257,0.11280371248722076,0.11388844375809033,0.3183633578675134,0.11450175195932388,0.11308392882347107,-1.0,0.11744339870555061,-1.0,0.18332281056791544,0.1137617262346404,-1.0,0.5093620636246421,0.30486606936091964,0.28803104162216187,0.6316562394301096,0.571721750497818,0.48261234650145407,0.7192792296409607,0.6806352734565735,0.6036903243511915,-1.0,-1.0,0.6210306286811829,0.5059737662474314,0.6344355046749115,0.6402745842933655,0.6472625136375427,0.6011529266834259,0.3120843448809215,0.6662235856056213,0.6273119449615479,-1.0,0.5879964402743748,-1.0,0.3100421689450741,0.5310691211904798
54,MSFT.OQ,2022-Jan-25,0.2597835958003998,0.4246746450662613,0.560373957157135,-1.0,0.34828582406044006,0.3308543179716383,0.3728958078120884,0.2596072480082512,0.47337648272514343,0.27986166973908744,-1.0,0.6564512252807617,0.2320422331492106,0.4270810899138451,0.22114485005537668,0.23343442380428314,0.2991907000541687,0.3197516394512994,0.5755902401038578,0.2298880691329638,-1.0,0.2775431349873543,0.3339787560204665,-1.0,0.6204816599686941,0.42702466994524,0.11928170174360275,0.1081648631952703,0.13859382033348083,-1.0,0.11706839501857758,0.12689265183040074,0.13927543045658813,0.10025949776172638,0.11285033822059631,0.13547252118587494,-1.0,0.11654622852802277,0.11689258863528569,0.11827822551131248,0.11917913208405177,0.12629100680351257,0.11316778510808945,0.11930572028670992,0.11091571194784981,0.2046231379111608,-1.0,0.12410258129239082,0.11540416690210502,-1.0,0.12166018411517143,0.11803798377513885,0.6209346652030945,0.4671604757507642,0.30103221744298936,-1.0,0.53464575111866,0.5422530259404864,0.4878287440852115,0.640133261680603,0.41377317905426025,0.5846657872200012,-1.0,0.22700254619121552,0.6510651707649231,0.454640673995018,0.6596759955088297,0.6402745842933655,0.5876414477825165,0.5609426030090877,0.31349404581955503,0.5654887954394022,-1.0,0.5983542799949646,0.5506170565883318,-1.0,0.25785813977320987,0.4549373462796211
55,MSFT.OQ,2022-Jul-26,0.2597835958003998,0.32716927609660407,0.4543068981170654,-1.0,0.3427060544490814,0.2726579550653696,0.33097634883597493,0.4303828328847885,0.4240134581923485,0.2732575383897011,-1.0,-1.0,0.5566049963235855,0.392494748139547,0.21305364072322847,0.23343442380428314,0.28434349596500397,0.27064378187060356,0.3467664258046584,0.654377818107605,-1.0,0.21300286054611206,0.3756203353404999,-1.0,0.4954813942313194,0.41871508955955505,0.11928170174360275,0.1147583695975217,0.2402733765542507,-1.0,0.11353451199829578,0.19189736805856228,0.19065717002376914,0.10281095281243324,0.11340662464499474,0.11720629151050861,-1.0,-1.0,0.11264744400978088,0.13248717236436075,0.11825266927480697,0.12629100680351257,0.11264159282048543,0.11443641223013401,0.35130759938196704,0.11599348485469818,-1.0,0.1304856836795807,0.11354823037981987,-1.0,0.14235986955463886,0.12171068042516708,0.6209346652030945,0.558072333986109,0.30541971445083615,-1.0,0.543759398162365,0.5354446731507778,0.4783664708957076,0.46680623292922974,0.4625799208879471,0.6095361480346093,-1.0,-1.0,0.3307475596666336,0.47501806086964077,0.6686936497688294,0.6402745842933655,0.6030148863792419,0.6149197667837143,0.3019259544936093,0.22962872684001923,-1.0,0.6565114557743073,0.5108314231038094,-1.0,0.3621587324887514,0.45957423746585846
56,MSFT.OQ,2022-Oct-25,0.2597835958003998,0.3499789141556796,0.4759868610988964,0.3813436379035314,0.5311501994729042,0.31900663301348686,0.37520723839600884,0.29233964160084724,0.644151508808136,0.28686751425266266,-1.0,-1.0,0.3381880096026829,0.37845167950276404,0.1586251755555471,0.22541764875253043,0.45652779191732407,0.39616718888282776,0.25939159908077936,-1.0,-1.0,0.2911000922322273,0.34653129056096077,-1.0,0.555731509413038,0.33302214927971363,0.11928170174360275,0.12411743621615802,0.23240910511125218,0.1609108621875445,0.11265547573566437,0.19036945328116417,0.19113516981403034,0.1138032115995884,0.11793820808331172,0.12302233229080836,-1.0,-1.0,0.11527906783989497,0.12946084165765392,0.10290225843588512,0.1330860654513041,0.11237678490579128,0.11281790137290955,0.3717970069159161,-1.0,-1.0,0.17034859769046307,0.1167665347456932,-1.0,0.11563773133925029,0.1150609478354454,0.6209346652030945,0.5259036369183484,0.29160401712764394,0.4577454974253972,0.356194332242012,0.4906238950788975,0.43365758409102756,0.593857154250145,0.23791025578975677,0.5901101311047872,-1.0,-1.0,0.5465329033987862,0.49208745456510977,0.738472561041514,0.6414962808291117,0.4310954362154007,0.4910149097442627,0.368811390616677,-1.0,-1.0,0.5385512858629227,0.5367021709680557,-1.0,0.3286307326384953,0.5519168898463249
57,MSFT.OQ,2023-Apr-25,0.2597835958003998,0.4530948390563329,0.4882006702775305,-1.0,0.29885118703047436,0.33688962645828724,0.43014155328273773,0.3427165225148201,0.20349079370498657,0.3130572097642081,-1.0,-1.0,0.3599189445376396,0.3974329015860955,0.1945593605438868,0.23343442380428314,0.23685773462057114,0.49349093437194824,0.4428082462400198,-1.0,-1.0,-1.0,0.5148223459720611,0.5164096355438232,0.6232276320457458,0.3907632678747177,0.11928170174360275,0.11201412379741668,0.21446415832774204,-1.0,0.1208754579226176,0.11664139293134212,0.113082696562228,0.10167770832777023,0.11486844718456268,0.12013897246548108,-1.0,-1.0,0.11427666433155537,0.11475144115587076,0.10089613993962605,0.12629100680351257,0.11394091695547104,0.1166497419277827,0.2729301704093814,-1.0,-1.0,-1.0,0.11283590495586396,0.11235759779810905,0.1145344391465187,0.11403788067400455,0.6209346652030945,0.434891015291214,0.29733515632423485,-1.0,0.5802733500798544,0.5464689675718546,0.4567757274793542,0.5556057393550873,0.6816407442092896,0.566803800208228,-1.0,-1.0,0.5258043855428696,0.4878156453371048,0.7045445044835409,0.6402745842933655,0.6492013037204742,0.3898592988650004,0.2842615619301796,-1.0,-1.0,-1.0,0.37234174013137816,0.3712327629327774,0.26223792135715485,0.4951988160610199
58,MSFT.OQ,2023-Jan-24,-1.0,0.3910182894844758,0.4132613288421257,0.6571661233901978,0.38199206193288165,0.3147277567121718,0.34457855809617927,0.20495446026325226,0.6359074711799622,0.30475214531733874,-1.0,0.5976662635803223,0.5281321803728739,0.3657075654376637,0.17039888352155685,0.23343442380428314,0.46114829182624817,0.5142004042863846,0.31195309609174726,-1.0,-1.0,0.3365733822186788,0.45840538541475934,-1.0,0.47224194556474686,0.40077868290245533,-1.0,0.11613736772223522,0.2756334848555864,0.11734173446893692,0.11291181792815526,0.11665842516554727,0.16177314947600718,0.0848812460899353,0.11245650053024292,0.12278776651337034,-1.0,0.11904150992631912,0.11868552615245183,0.14069552606705463,0.1085018515586853,0.12629100680351257,0.1156915972630183,0.11287406831979752,0.34936010017991065,-1.0,-1.0,0.27203760544459027,0.1154570405681928,-1.0,0.24755803868174553,0.11877026874572039,-1.0,0.49284433063707855,0.3111051776829888,0.22549211978912354,0.5050961176554362,0.5686137974262238,0.49364828290762724,0.7101643085479736,0.25163599848747253,0.5724600659949439,-1.0,0.2832922339439392,0.35318228602409363,0.4935968951745467,0.7210992574691772,0.6402745842933655,0.42316009600957233,0.3729255124926567,0.33868680000305174,-1.0,-1.0,0.3913889726003011,0.4261375566323598,-1.0,0.2802000045776367,0.48045103438198566
59,MSFT.OQ,2023-Jul-25,-1.0,0.31982584167271855,0.5011448638056809,-1.0,0.3979165703058243,0.3176374673843384,0.3954357990334111,0.37175238132476807,-1.0,0.2985744894970031,0.4084443151950836,-1.0,0.22967538237571716,0.34837111164457524,0.20361987873911858,0.23222583532333374,-1.0,-1.0,0.4733019943038623,0.6456896066665649,-1.0,0.38832082226872444,0.30620476603507996,0.21621595323085785,0.6433832943439484,0.340489915261666,-1.0,0.1104633673094213,0.19859096689044303,-1.0,0.11336185783147812,0.11910305991768837,0.13977106756741,0.10575809826453526,-1.0,0.12031421100809461,0.15745972096920013,-1.0,0.1200381691257159,0.1154626036206117,0.1284393146634102,0.12514324933290483,-1.0,-1.0,0.28254641219973564,0.11674961447715759,-1.0,0.12347548827528954,0.09202051907777786,0.11765455082058907,0.11451893920699756,0.08487617410719395,-1.0,0.5697107762098312,0.30026415637079273,-1.0,0.4887215793132782,0.5632594734430313,0.46479312739064615,0.5224895079930624,-1.0,0.5811112849485307,0.43409597873687744,-1.0,0.6502864162127177,0.5361662696187313,0.6679408103227615,0.6426309227943421,-1.0,-1.0,0.24415157735347748,0.23756073415279388,-1.0,0.4882036969065666,0.6017747223377228,0.666129469871521,0.2420977527896563,0.5746339311202368
60,MSFT.OQ,2023-Oct-24,0.2597835958003998,0.31063897752513486,0.4915496647357941,-1.0,0.3681047186255455,0.3776821229192946,0.36839339971542356,0.3119715650876363,0.4737048347791036,0.3464513514190912,-1.0,-1.0,0.32099761068820953,0.38353649835761,0.2067198654015859,0.23343442380428314,0.22508497536182404,0.39960286021232605,0.4343983568251133,-1.0,-1.0,0.30663494393229485,0.33079183995723727,0.6126010715961456,0.5709703154861927,0.39104193449020386,0.11928170174360275,0.11418615141883492,0.165459256619215,-1.0,0.11660723015666008,0.16984826823075613,0.11367400616407394,0.11364103605349858,0.1156484658519427,0.12349076895043254,-1.0,-1.0,0.26424741993347806,0.11703581690061383,0.11687073111534119,0.12629100680351257,0.11364761739969254,0.11379362642765045,0.22428914718329906,-1.0,-1.0,0.12214977666735649,0.11527744829654693,0.11219468340277672,0.11692509613931179,0.11533450583616893,0.6209346652030945,0.5751748383045197,0.3429910680651665,-1.0,0.5152879953384399,0.4524695922931035,0.5179325848817825,0.5743873715400696,0.4106467167536418,0.530057867988944,-1.0,-1.0,0.4147549718618393,0.49942767983529623,0.676409383614858,0.6402745842933655,0.6612673997879028,0.4866034984588623,0.34131249226629734,-1.0,-1.0,0.5712152570486069,0.5539306759834289,0.27520422637462616,0.31210459023714066,0.4936235298713048
61,MSFT.OQ,2024-Jan-30,0.2597835958003998,0.36722211007561,0.48581764983887576,-1.0,0.4659186527132988,0.30762696638703346,0.3777680912843117,0.2727847993373871,0.49486640095710754,0.25348224967718125,-1.0,-1.0,0.2742563635110855,0.36871185070938534,0.18469870622668946,0.22140926122665405,0.24397426843643188,0.44523489475250244,0.5179360896348953,-1.0,-1.0,0.3242763578891754,0.22494558493296304,0.5440496355295181,0.41753980120023093,0.4339112117886543,0.11928170174360275,0.1295648632305009,0.20072815293560223,-1.0,0.1133678238838911,0.16383647033944726,0.11470180463332397,0.10044953972101212,0.0824626013636589,0.11987170234322547,-1.0,-1.0,0.1171584501862526,0.11521530006494787,0.12880706042051315,0.1364835947751999,0.11668751947581768,0.14890545308589936,0.12161567062139511,-1.0,-1.0,0.11746212840080261,0.2771804953614871,0.1138918288052082,0.12762719492117564,0.11570684239268303,0.6209346652030945,0.5032130091318062,0.31345418308462414,-1.0,0.42071351408958435,0.5285365413874388,0.507530092046811,0.6267656683921814,0.42267099022865295,0.6266460204124451,-1.0,-1.0,0.6085851788520813,0.5160728291504912,0.6864942056792123,0.6421071290969849,0.6393381953239441,0.4058596670627594,0.36044822037220003,-1.0,-1.0,0.558261513710022,0.4978739122549693,0.342058502137661,0.45483299692471824,0.45038193464279175
62,NVDA.OQ,2018-Aug-16,0.2597835958003998,0.35529390092079455,0.3935311074767794,-1.0,0.3566930873526467,0.37617303545658404,0.3626967432598273,0.4379521459341049,-1.0,0.29737691439333414,-1.0,-1.0,-1.0,0.3190197391414094,0.2845106167452676,0.23343442380428314,0.28515714406967163,-1.0,0.1838821917772293,-1.0,0.37766076624393463,0.6310383975505829,-1.0,0.2377147227525711,-1.0,-1.0,0.11928170174360275,0.11514985618683007,0.10943518259695598,-1.0,0.11961903423070908,0.12661622178096038,0.12021238543093204,0.12257175520062447,-1.0,0.13021775122199739,-1.0,-1.0,-1.0,0.11699563633093889,0.10613390164715904,0.12629100680351257,0.11224059015512466,-1.0,0.5946702361106873,-1.0,0.11758012883365154,0.11440006271004677,-1.0,0.11362878481547038,-1.0,-1.0,0.6209346652030945,0.5295562262718494,0.49703369928257807,-1.0,0.5236878626876407,0.49721073187314546,0.517090859512488,0.4394760876893997,-1.0,0.5724053198382968,-1.0,-1.0,-1.0,0.5639846131376837,0.6093554709638868,0.6402745842933655,0.6026022434234619,-1.0,0.22144761681556702,-1.0,0.5047590909525752,0.25456151366233826,-1.0,0.6486564675966898,-1.0,-1.0
63,NVDA.OQ,2018-Nov-15,0.2597835958003998,0.2756737335161729,0.3952738609578874,-1.0,0.2695314464243976,0.27405209094285965,0.34739558547735216,0.5302112499872843,-1.0,0.23729454737997824,-1.0,-1.0,-1.0,0.35247246219546763,-1.0,0.23343442380428314,0.503097007671992,-1.0,-1.0,0.5162570476531982,0.406189175588744,0.49603696664174396,-1.0,0.19340243935585022,-1.0,-1.0,0.11928170174360275,0.12165411900390279,0.1608358638154136,-1.0,0.11914805729280818,0.1703048369714192,0.15975723788142204,0.09096201012531917,-1.0,0.12329155951738358,-1.0,-1.0,-1.0,0.12309429071263059,-1.0,0.12629100680351257,0.13964589685201645,-1.0,-1.0,0.12111983075737953,0.1170001168336187,0.13812863578399023,-1.0,0.1249837651848793,-1.0,-1.0,0.6209346652030945,0.6026721352880652,0.4438902793659104,-1.0,0.6113204712217505,0.5556430561201913,0.4928471833467484,0.37882669766743976,-1.0,0.6394138826477912,-1.0,-1.0,-1.0,0.5244332310054209,-1.0,0.6402745842933655,0.35725709795951843,-1.0,-1.0,0.3626231253147125,0.47681068096842083,0.3658344050248464,-1.0,0.6816137433052063,-1.0,-1.0
64,NVDA.OQ,2019-Aug-15,0.2597835958003998,0.33663395065213403,0.3137697252360257,-1.0,0.42480583613117534,0.46573429661137716,0.2810276709496975,-1.0,-1.0,0.32238231201966605,-1.0,-1.0,-1.0,0.3487128381218229,0.19737961888313293,0.23343442380428314,0.5812473297119141,-1.0,-1.0,0.21237747371196747,0.39488488542182104,-1.0,0.20628409087657928,0.25392588121550425,-1.0,-1.0,0.11928170174360275,0.1186046355193661,0.2391813803802837,-1.0,0.11663712809483211,0.11890358477830887,0.21148870885372162,-1.0,-1.0,0.1299945463736852,-1.0,-1.0,-1.0,0.1272872677871159,0.1519334763288498,0.12629100680351257,0.11306456476449966,-1.0,-1.0,0.1253226101398468,0.12589245396000998,-1.0,0.13603277504444122,0.12059661852461952,-1.0,-1.0,0.6209346652030945,0.5447613967041816,0.4470488821918314,-1.0,0.45855701963106793,0.4153621005160468,0.5074836276471615,-1.0,-1.0,0.5476231306791306,-1.0,-1.0,-1.0,0.5239998830216271,0.6506869196891785,0.6402745842933655,0.30568811297416687,-1.0,-1.0,0.6622999310493469,0.4792226403951645,-1.0,0.6576831340789795,0.625477501324245,-1.0,-1.0
65,NVDA.OQ,2019-Feb-14,0.2597835958003998,0.3749305394788583,0.39970252834833586,0.4995935559272766,0.3051115646958351,0.3538062169271357,0.3413957158724467,0.3359599053859711,-1.0,0.31774298916029375,-1.0,-1.0,0.34484559297561646,0.33135834357268373,0.4337785691022873,0.2295732766389847,-1.0,-1.0,0.2957818806171417,0.2280045747756958,0.4368469461798668,0.20970696210861206,-1.0,-1.0,-1.0,-1.0,0.11928170174360275,0.11644046815733115,0.17526177718089178,0.11478207260370255,0.14539571292698383,0.24233024260577032,0.1818870981534322,0.11145848929882049,-1.0,0.124788865793583,-1.0,-1.0,0.11261660605669022,0.13774655622915483,0.11552810668945312,0.12580899894237518,-1.0,-1.0,0.11206524074077606,0.11932419240474701,0.1162408173084259,0.4378301501274109,-1.0,-1.0,-1.0,-1.0,0.6209346652030945,0.5086289880176386,0.4250356944707724,0.38562431931495667,0.5494927056133747,0.40386352819554944,0.4767171601454417,0.5525815963745118,-1.0,0.5574681318776552,-1.0,-1.0,0.5425378084182739,0.5308950877105686,0.4506933391094208,0.6446177363395691,-1.0,-1.0,0.5921528935432434,0.652671217918396,0.44691221714019774,0.35246288776397705,-1.0,-1.0,-1.0,-1.0
66,NVDA.OQ,2019-May-16,0.2597835958003998,0.3692205101251602,0.3387215974239203,-1.0,0.3990743160247803,0.26941402798349207,0.4377664625644684,0.34900878071784974,0.21235540509223938,0.37060428187251093,-1.0,-1.0,-1.0,0.32906248142470174,0.20049752295017242,0.23343442380428314,0.6177634000778198,-1.0,-1.0,-1.0,0.2640729377667109,0.4849585576189889,-1.0,0.20663485303521156,-1.0,-1.0,0.11928170174360275,0.1520386306302888,0.2520922852250246,-1.0,0.12606017247718923,0.15296522798863324,0.11321683121579033,0.11970321089029312,0.11405706405639648,0.1190645657479763,-1.0,-1.0,-1.0,0.13882580355032167,0.11729985475540161,0.12629100680351257,0.11232403665781021,-1.0,-1.0,-1.0,0.11766104648510615,0.15692352917459276,-1.0,0.12405907735228539,-1.0,-1.0,0.6209346652030945,0.47874086243765696,0.40918610760798824,-1.0,0.47486549966475544,0.5776207176121798,0.4490166817392622,0.5312880098819732,0.6735875010490417,0.5103311330080033,-1.0,-1.0,-1.0,0.5321116950084914,0.6822026371955872,0.6402745842933655,0.2699125409126282,-1.0,-1.0,-1.0,0.6182659983634948,0.35811790492799545,-1.0,0.669306069612503,-1.0,-1.0
67,NVDA.OQ,2019-Nov-14,0.2597835958003998,0.25253436155617237,0.389544492321355,-1.0,0.36867920415742056,0.2623477992084291,0.38105810433626175,0.2738371342420578,-1.0,0.25597751835982,-1.0,-1.0,0.1968037486076355,0.3073257615249003,-1.0,0.23343442380428314,-1.0,0.25399404764175415,-1.0,0.614681601524353,0.2994449576910804,0.6563574075698853,-1.0,0.24167490502198538,-1.0,-1.0,0.11928170174360275,0.12306835688650608,0.21411759619201934,-1.0,0.11511316682611193,0.14070116645760006,0.13965212274342775,0.1047893762588501,-1.0,0.12838285689552625,-1.0,-1.0,0.11867344379425049,0.1245151435235335,-1.0,0.12629100680351257,-1.0,0.11472134292125702,-1.0,0.11196736991405487,0.12352148881729912,0.11835144460201263,-1.0,0.1271643348866039,-1.0,-1.0,0.6209346652030945,0.6243972629308701,0.3963379082935197,-1.0,0.5162076173084122,0.5969510094987022,0.4792897589504719,0.6213735044002533,-1.0,0.6156396090984344,-1.0,-1.0,0.684522807598114,0.5681590757543041,-1.0,0.6402745842933655,-1.0,0.6312845349311829,-1.0,0.2733509838581085,0.5770335390287287,0.22529113292694092,-1.0,0.6311607559521993,-1.0,-1.0
68,NVDA.OQ,2020-Aug-19,0.2597835958003998,0.3048660171528657,0.3204641424947315,0.6085199415683746,0.32641586992475724,0.36414777984221774,0.3620833493769169,0.38900668422381085,-1.0,0.247811456107431,-1.0,-1.0,-1.0,0.3145864253694361,0.227447047829628,0.23838535572091737,0.5026254653930664,-1.0,-1.0,0.2852141857147217,0.42383735477924345,0.38618743419647217,-1.0,0.20621176064014435,-1.0,-1.0,0.11928170174360275,0.14808981058498225,0.15499411854479048,0.11273309215903282,0.12806383078848874,0.1525664652387301,0.10442554112523794,0.1108414853612582,-1.0,0.130940785838498,-1.0,-1.0,-1.0,0.13029743256894025,0.11654217913746834,0.1255328425516685,0.11282815784215927,-1.0,-1.0,0.11462745815515518,0.11414439976215363,0.09529609605669975,-1.0,0.11553413420915604,-1.0,-1.0,0.6209346652030945,0.5470441492895285,0.5245417124695249,0.27874696254730225,0.5455202835577505,0.48328573380907375,0.5334911122918129,0.5001518130302429,-1.0,0.6212477468782001,-1.0,-1.0,-1.0,0.5551161299665253,0.6560107469558716,0.6360818097988764,0.3845463991165161,-1.0,-1.0,0.6001583337783813,0.4620182394981384,0.5185164511203766,-1.0,0.6782540678977966,-1.0,-1.0
69,NVDA.OQ,2020-Feb-13,0.2597835958003998,0.32982405157465683,0.45068831907378304,-1.0,0.346965288122495,0.2763956827776773,0.33216606080532074,0.4057786613702774,0.18462340533733368,0.32239700060698295,-1.0,-1.0,0.2373369336128235,0.33288571491079816,0.13090980052947998,0.23343442380428314,0.4583769490321477,-1.0,-1.0,0.4294823929667473,0.24599949187702602,0.21444078534841537,-1.0,0.3131758173306783,-1.0,-1.0,0.11928170174360275,0.14735364482591026,0.15218168372909227,-1.0,0.12162388530042437,0.12237338721752167,0.14844959921070508,0.12004842981696129,0.07812055945396423,0.12229993681032811,-1.0,-1.0,0.11494182050228119,0.1263667414501562,0.07856305688619614,0.12629100680351257,0.11306952436765035,-1.0,-1.0,0.1515276785939932,0.11698774662282732,0.32528016716241837,-1.0,0.13909653574228287,-1.0,-1.0,0.6209346652030945,0.522822274973518,0.39712998188204235,-1.0,0.5314108067088656,0.6012309193611145,0.5193843245506287,0.4741729199886322,0.7372560501098633,0.5553030434154695,-1.0,-1.0,0.6477212309837341,0.5407475243180485,0.7905271649360657,0.6402745842933655,0.4285535116990407,-1.0,-1.0,0.4189899116754532,0.6370127532217238,0.46027904748916626,-1.0,0.5477276179525588,-1.0,-1.0
70,NVDA.OQ,2020-May-21,0.2597835958003998,0.30905798077583313,0.4172942570664666,-1.0,0.3512437878286137,0.407023359747494,0.24740235983497566,0.397033470372359,-1.0,0.28411886195027375,-1.0,-1.0,0.3425676301121712,0.30181702932653326,0.2148779433220625,0.23259270377457142,0.334067616197798,0.25553291440010073,0.46593010425567627,0.03182389214634895,0.2709294507900874,0.39682898223400115,0.2222280129790306,0.1906089037656784,-1.0,-1.0,0.11928170174360275,0.13017745316028595,0.16539289768446575,-1.0,0.11630574263194028,0.1690948710722082,0.1468430736826526,0.0903612735370795,-1.0,0.13133895012868357,-1.0,-1.0,0.11491166800260544,0.12461464980151504,0.11062589287757874,0.13057155534625053,0.11269195295042461,0.1157824605703354,0.11365118622779846,0.08898939192295074,0.11847484956185023,0.1680426523089409,0.11957741156220436,0.1267993450164795,-1.0,-1.0,0.6209346652030945,0.5607645574670571,0.4173128320412202,-1.0,0.5324504585827098,0.42388175953837004,0.6057545476489596,0.5126052300135294,-1.0,0.5845421767687495,-1.0,-1.0,0.5425206869840622,0.573568305776765,0.6744961559772491,0.6368357539176941,0.5532404051886665,0.6286846160888672,0.4204186797142029,0.879186749458313,0.6105956792831421,0.43512833267450335,0.6581945419311523,0.6825917363166809,-1.0,-1.0
71,NVDA.OQ,2020-Nov-18,0.2597835958003998,0.2532627635768482,0.4782802350819111,-1.0,0.3621039229134719,0.3423539764351315,0.40363420359790325,-1.0,-1.0,0.3347748205775306,-1.0,-1.0,0.22408531606197357,0.29940384147422655,0.28905927389860153,0.23267905600368977,0.4564513564109802,0.3059311628341675,0.3126639097929001,0.4551183780034383,0.3470897853374481,0.3406410738825798,0.26551204919815063,0.20172661542892456,-1.0,-1.0,0.11928170174360275,0.1549182151045118,0.10907736234366894,-1.0,0.1246877151230971,0.19784598300854364,0.17630313336849213,-1.0,-1.0,0.11972348888715108,-1.0,-1.0,0.11694063991308212,0.12658593963299478,0.11651412583887577,0.12557365838438272,0.11298793181777,0.11435779482126236,0.42875394970178604,0.14321156591176987,0.11558525711297989,0.15233925357460976,0.11406771838665009,0.11639043688774109,-1.0,-1.0,0.6209346652030945,0.5918190106749535,0.41264239450295764,-1.0,0.5132083545128504,0.45980002813869053,0.4200626462697983,-1.0,-1.0,0.5455016735054198,-1.0,-1.0,0.6589740514755249,0.574010203193341,0.5944265723228455,0.6417472958564758,0.4305606782436371,0.5797110259532928,0.2585821390151978,0.40167004118363064,0.5373249292373657,0.507019653916359,0.6204202175140381,0.681882917881012,-1.0,-1.0
72,NVDA.OQ,2021-Aug-18,0.2597835958003998,0.271312885846083,0.46497844430533325,0.3316674679517746,0.400417718817206,0.32966671511530876,0.4100979268550873,0.3950182795524597,0.29169851541519165,0.23023579655481236,-1.0,-1.0,0.3991028070449829,0.31831289730642154,0.2087942659854889,0.23343442380428314,0.4496513307094574,0.5530505776405334,0.23546159267425537,0.4062720222605599,0.380982905626297,-1.0,-1.0,0.2069745808839798,-1.0,-1.0,0.11928170174360275,0.1098287609907297,0.1102283238009973,0.2131340280175209,0.11269473766579348,0.11574075929820538,0.22758569195866585,0.12380978465080261,0.11184579879045486,0.13673386336969479,-1.0,-1.0,0.11300799250602722,0.13552136103744092,0.11819323258740562,0.12629100680351257,0.11223950237035751,0.11294995993375778,0.11350849270820618,0.1678128788868586,0.1140162292867899,-1.0,-1.0,0.11960471421480179,-1.0,-1.0,0.6209346652030945,0.6188583419873164,0.42479322173378686,0.4551984866460164,0.48688753124545603,0.5545925348997116,0.3623163588345051,0.48117193579673767,0.5964556932449341,0.6330303166593824,-1.0,-1.0,0.4878891706466675,0.5461657254592233,0.6730124694960458,0.6402745842933655,0.4381091445684433,0.3339994251728058,0.6510298848152161,0.42591509222984314,0.5050008371472359,-1.0,-1.0,0.6734207272529602,-1.0,-1.0
73,NVDA.OQ,2021-Feb-24,0.2597835958003998,0.3456910282373428,0.5414087027311325,0.2807043492794037,0.3590358802013927,0.2358921981520123,0.36161214113235474,0.3173101991415024,-1.0,0.30495389094275815,-1.0,0.20896492898464203,-1.0,0.29440510645508766,0.20767949521541595,0.23343442380428314,0.29776668548583984,0.2838726242383321,0.18576176464557648,0.36239195035563576,0.330680795452174,0.46840700693428516,-1.0,0.26917703946431476,-1.0,-1.0,0.11928170174360275,0.1164519414305687,0.12393404319882392,0.11742784455418587,0.1341160676545567,0.1744954933722814,0.1515254762310248,0.10605395212769508,-1.0,0.12863515629883734,-1.0,0.17019023001194,-1.0,0.12575135449878871,0.12408968806266785,0.12629100680351257,0.11269581317901611,0.11547882358233134,0.5934984087944031,0.1830179053876135,0.11642836910836837,0.12107224110513926,-1.0,0.11515702307224274,-1.0,-1.0,0.6209346652030945,0.5378570109605789,0.33465722352266314,0.6018677651882172,0.5068480372428894,0.5896122952302297,0.48686236716233766,0.5766358077526093,-1.0,0.5664109356941716,-1.0,0.620844821135203,-1.0,0.5798435276374221,0.6682307720184326,0.6402745842933655,0.589537501335144,0.6006485372781754,0.22073981165885925,0.45459013018343186,0.552890823167913,0.41052073426544666,-1.0,0.6156658927599589,-1.0,-1.0
74,NVDA.OQ,2021-May-26,0.27636701986193657,0.2868605596678598,0.4752601757645607,0.42628175020217896,0.4268422620370984,0.4017258683840434,0.44073763489723206,-1.0,0.19426187872886658,0.2917940215422557,-1.0,-1.0,0.2163287103176117,0.3208133906528756,0.1594863487407565,0.2319327712059021,0.34514878193537396,0.20570655912160873,-1.0,0.4763108566403389,0.4578874111175537,0.4835185983351299,-1.0,-1.0,-1.0,-1.0,0.12170573323965073,0.11941115912936982,0.10593023672699928,0.11419036239385605,0.11459647817537189,0.12217972986400127,0.12264016084372997,-1.0,0.11631253361701965,0.11443351853925449,-1.0,-1.0,0.11725673079490662,0.12133300606463407,0.12033131532371044,0.12579396963119507,0.11290067185958226,0.13888962753117085,-1.0,0.1147906631231308,0.11269501845041911,0.116962588259152,-1.0,-1.0,-1.0,-1.0,0.6019272208213806,0.593728264882451,0.4188095659017563,0.4595278799533844,0.4585612490773201,0.476094376295805,0.43662218749523163,-1.0,0.6894255876541138,0.5937724308325694,-1.0,-1.0,0.6664145588874817,0.5578535883813291,0.7201823145151138,0.6422732710838318,0.541950503985087,0.655403807759285,-1.0,0.4088984876871109,0.42941755056381226,0.399518792118345,-1.0,-1.0,-1.0,-1.0
75,NVDA.OQ,2022-May-25,0.2522675742705663,0.3894760638475418,0.548541259765625,-1.0,0.39693017303943634,0.3842924367636442,0.32051311631997426,0.38449280460675556,-1.0,0.3256160162744068,-1.0,-1.0,0.4084017276763916,0.31876894154331903,-1.0,0.23343442380428314,-1.0,0.19358304142951965,0.2754903584718704,0.33528538580451694,0.3057745064680393,0.3630543891340494,-1.0,0.31653424435191685,-1.0,-1.0,0.12210178871949513,0.10641304589807987,0.10766186863183975,-1.0,0.1564700583165342,0.11782330460846424,0.22703799953063328,0.11601595828930537,-1.0,0.13287440900291717,-1.0,-1.0,0.11330928653478622,0.1165855276313695,-1.0,0.12629100680351257,-1.0,0.17511042952537537,0.11738549172878265,0.272539242037705,0.11631262245086524,0.295271179638803,-1.0,0.1259900298383501,-1.0,-1.0,0.6256306171417236,0.5041108767191569,0.3437968581914902,-1.0,0.44659974629228766,0.49788424000144005,0.4524488707383474,0.49949123958746594,-1.0,0.5415095608858835,-1.0,-1.0,0.47828900814056396,0.5646455134406234,-1.0,0.6402745842933655,-1.0,0.631306529045105,0.6071241497993469,0.3921753466129303,0.5779128418518946,0.34167440980672836,-1.0,0.5574757075972028,-1.0,-1.0
76,NVDA.OQ,2023-Aug-23,0.2597835958003998,0.3312954107920329,0.4085503160953522,0.23393045365810394,0.515125960111618,0.4316947971071516,0.30522080849517474,0.3772592842578888,-1.0,0.31050720575608703,-1.0,-1.0,-1.0,0.328276139542912,0.19982977708180746,0.23343442380428314,0.268720380961895,0.2781863212585449,-1.0,0.5927691102027893,0.33197422698140144,0.4418107271194458,-1.0,0.3162094469993345,-1.0,-1.0,0.11928170174360275,0.11494852212213334,0.20406457483768464,0.11595186591148376,0.11513930062452953,0.1220584288239479,0.21598353846506638,0.09791409969329834,-1.0,0.11847999848817524,-1.0,-1.0,-1.0,0.1265742922145309,0.11818971733252208,0.12629100680351257,0.12867331877350807,0.11195388436317444,-1.0,0.11697708070278168,0.11467321403324604,0.11327419057488441,-1.0,0.11678689886485377,-1.0,-1.0,0.6209346652030945,0.5537560511203039,0.3873850926756859,0.6501176555951437,0.3697347243626912,0.4462467644895826,0.47879565439440985,0.5248266011476517,-1.0,0.571012775364675,-1.0,-1.0,-1.0,0.5451495530027332,0.6819804708162943,0.6402745842933655,0.6026062965393066,0.6098597645759583,-1.0,0.2902538239955902,0.5533525720238686,0.4449150562286377,-1.0,0.5670036413977223,-1.0,-1.0
77,NVDA.OQ,2023-May-24,0.2597835958003998,0.32703516293655743,0.30803010165691375,-1.0,0.4585403501987457,0.41688784807920454,0.22973174415528774,0.359668826063474,-1.0,0.2800156647960345,-1.0,0.2041035145521164,-1.0,0.28853058856859637,0.30362971872091293,0.2867533750832081,0.37046301960945127,-1.0,0.24104036390781403,0.48934031277894974,0.4411044865846634,0.23123212158679962,-1.0,0.29134233774883406,-1.0,0.20714300870895386,0.11928170174360275,0.1173103695566004,0.11526352316141128,-1.0,0.1122686763604482,0.1690412752330303,0.17604764085263014,0.11867191518346469,-1.0,0.12296953642119964,-1.0,0.11896388232707977,-1.0,0.13647805181530753,0.11662121303379536,0.12398969754576683,0.11513507217168809,-1.0,0.11301884055137634,0.11556085012853146,0.11476245522499084,0.11539206653833389,-1.0,0.1189919566469533,-1.0,0.11416484415531158,0.6209346652030945,0.555654455314983,0.5767063736915589,-1.0,0.4291909734408061,0.4140708640217781,0.5942205898463726,0.5216592500607172,-1.0,0.5970147798458735,-1.0,0.6769325733184814,-1.0,0.5749913462427225,0.5797490477561951,0.5892569422721863,0.5144018828868866,-1.0,0.6459407806396484,0.39509883895516396,0.44413304328918457,0.6533758044242859,-1.0,0.5896656896386828,-1.0,0.6786921620368958
78,NVDA.OQ,2023-Nov-21,0.2597835958003998,0.2937381405521322,0.5299869726101557,-1.0,0.48906077444553375,0.33054478093981743,0.32315180871797644,0.34612976014614105,0.20812341570854187,0.2954546944016502,-1.0,-1.0,0.2061520516872406,0.32089272927154194,-1.0,0.23343442380428314,0.4510922059416771,0.3179643750190735,-1.0,0.39546452675546917,0.2875889241695404,-1.0,-1.0,0.2769593473361886,-1.0,-1.0,0.11928170174360275,0.1170702099248215,0.11494666669103834,-1.0,0.18094159556286676,0.16860340535640717,0.1474664191836896,0.12649352848529816,0.11373777687549591,0.13850580900907516,-1.0,-1.0,0.1158449798822403,0.12119989124211399,-1.0,0.12629100680351257,0.11474163581927617,0.11365345865488052,-1.0,0.11662826793534416,0.11222807317972183,-1.0,-1.0,0.11752475409404091,-1.0,-1.0,0.6209346652030945,0.5891916409686759,0.35506633917490643,-1.0,0.329997609768595,0.5008517876267433,0.529381755253543,0.5273767113685608,0.678138792514801,0.5660394997823806,-1.0,-1.0,0.6780029535293579,0.5579073653979735,-1.0,0.6402745842933655,0.4341661383708318,0.5683821439743042,-1.0,0.4879071925367628,0.6001829504966736,-1.0,-1.0,0.6055158869079922,-1.0,-1.0
79,NVDA.OQ,2024-Feb-21,0.2597835958003998,0.2832473831420595,0.4845404123005114,-1.0,0.6088801026344299,0.2047162428498268,0.35279463417828083,0.3593908300002416,-1.0,0.2406723193824291,-1.0,-1.0,-1.0,0.3447083901613951,0.1993529424071312,0.23343442380428314,0.24586415886878968,-1.0,0.25095507502555847,0.42440499862035114,0.311874691929136,0.23152519762516022,0.2554963529109955,0.3441811818629503,-1.0,0.6361221075057983,0.11928170174360275,0.11414964209226044,0.13218287770685397,-1.0,0.11282907426357269,0.14756072871387005,0.13105594087392092,0.0899421696861585,-1.0,0.12558301240205766,-1.0,-1.0,-1.0,0.12336025480180979,0.12370498850941658,0.12629100680351257,0.11407455503940582,-1.0,0.11377006024122238,0.16623802234729132,0.11614840371268136,0.11702253669500351,0.11332252621650696,0.11760698103656371,-1.0,0.11252608895301819,0.6209346652030945,0.6026029661297798,0.38327670411059733,-1.0,0.2782908082008362,0.6477230191230774,0.5161494137719274,0.5506670077641805,-1.0,0.6337446550528208,-1.0,-1.0,-1.0,0.5319313384592533,0.6769420802593231,0.6402745842933655,0.6400612711906433,-1.0,0.6352748274803162,0.409356963303354,0.5719769064869199,0.6514522433280945,0.6311811208724976,0.5382118206471205,-1.0,0.2513517737388611
