company_name,date,positive_sentiment_bert_mean,positive_sentiment_bert_std,positive_sentiment_bert_mean_company_sentiment,positive_sentiment_bert_mean_analyst_sentiment,positive_sentiment_bert_mean_presentation_sentiment,positive_sentiment_bert_mean_qa_sentiment,negative_sentiment_bert_mean,negative_sentiment_bert_std,negative_sentiment_bert_mean_company_sentiment,negative_sentiment_bert_mean_analyst_sentiment,negative_sentiment_bert_mean_presentation_sentiment,negative_sentiment_bert_mean_qa_sentiment,neutral_sentiment_bert_mean,neutral_sentiment_bert_std,neutral_sentiment_bert_mean_company_sentiment,neutral_sentiment_bert_mean_analyst_sentiment,neutral_sentiment_bert_mean_presentation_sentiment,neutral_sentiment_bert_mean_qa_sentiment,polarity_bert_mean,polarity_bert_std,polarity_bert_mean_company_sentiment,polarity_bert_mean_analyst_sentiment,polarity_bert_mean_presentation_sentiment,polarity_bert_mean_qa_sentiment,positive_sentiment_bert_margin_mean_topic_sentiment,positive_sentiment_bert_cost_mean_topic_sentiment,positive_sentiment_bert_revenue_mean_topic_sentiment,positive_sentiment_bert_earnings_mean_topic_sentiment,positive_sentiment_bert_growth_mean_topic_sentiment,positive_sentiment_bert_debt_mean_topic_sentiment,positive_sentiment_bert_dividend_mean_topic_sentiment,positive_sentiment_bert_cashflow_mean_topic_sentiment,negative_sentiment_bert_margin_mean_topic_sentiment,negative_sentiment_bert_cost_mean_topic_sentiment,negative_sentiment_bert_revenue_mean_topic_sentiment,negative_sentiment_bert_earnings_mean_topic_sentiment,negative_sentiment_bert_growth_mean_topic_sentiment,negative_sentiment_bert_debt_mean_topic_sentiment,negative_sentiment_bert_dividend_mean_topic_sentiment,negative_sentiment_bert_cashflow_mean_topic_sentiment,neutral_sentiment_bert_margin_mean_topic_sentiment,neutral_sentiment_bert_cost_mean_topic_sentiment,neutral_sentiment_bert_revenue_mean_topic_sentiment,neutral_sentiment_bert_earnings_mean_topic_sentiment,neutral_sentiment_bert_growth_mean_topic_sentiment,neutral_sentiment_bert_debt_mean_topic_sentiment,neutral_sentiment_bert_dividend_mean_topic_sentiment,neutral_sentiment_bert_cashflow_mean_topic_sentiment,polarity_bert_margin_mean_topic_sentiment,polarity_bert_cost_mean_topic_sentiment,polarity_bert_revenue_mean_topic_sentiment,polarity_bert_earnings_mean_topic_sentiment,polarity_bert_growth_mean_topic_sentiment,polarity_bert_debt_mean_topic_sentiment,polarity_bert_dividend_mean_topic_sentiment,polarity_bert_cashflow_mean_topic_sentiment
AAPL.OQ,2019-Apr-30,0.31563490353658535,0.10793561624664752,0.34188293563157895,0.24713744138461535,0.29349827939999995,0.3187094346666667,0.20815643740243903,0.11919249182187173,0.20694793857894736,0.20404125849999993,0.1797769586,0.21209803168055552,0.4762086446341464,0.1690240388592859,0.4511691105263158,0.5488212907692307,0.52672476,0.4691925175000001,0.10747846682195121,0.1521340579565665,0.1349349970368421,0.043096185076923074,0.11372132074,0.1066114037777778,0.280263454420492,0.3591631650924682,0.2736060512917382,0.19865367561578745,0.3591631650924682,0.3591631650924682,0.3591631650924682,,0.26917196949943895,0.2166518568992614,0.1615200205040829,0.1214658208191394,0.2166518568992614,0.2166518568992614,0.2166518568992614,,0.45056455209851265,0.4241849482059479,0.5648739039897919,0.6798805147409439,0.4241849482059479,0.4241849482059479,0.4241849482059479,,0.011091487947851413,0.1425113081932068,0.11208603078765529,0.077187854796648,0.1425113081932068,0.1425113081932068,0.1425113081932068,
AAPL.OQ,2019-Jan-29,0.30251385987499996,0.12025641398902166,0.3368496307333333,0.2113556865,0.2922225522,0.30441965759259265,0.19870911171875,0.09453607237780606,0.2051325908666666,0.1765139692,0.1820940526,0.20178597451851848,0.4987770121875,0.17953526827935437,0.45801775999999994,0.6121303339999999,0.52568338,0.4937943514814816,0.103804745,0.12068324010557609,0.13171703986666664,0.0348417072,0.1101284996,0.10263367933333335,0.3202821293047496,0.27703484985977406,0.32266169165571523,0.3591631650924682,0.3047297149896621,0.3591631650924682,0.3591631650924682,,0.18752867063241338,0.17549090553075067,0.19835810073547885,0.2166518568992614,0.1758793961256742,0.2166518568992614,0.2166518568992614,,0.49218917744500296,0.5474742278456688,0.4789801836013794,0.4241849482059479,0.519390869140625,0.4241849482059479,0.4241849482059479,,0.132753458406244,0.10154394432902336,0.12430359092023638,0.1425113081932068,0.1288503184914589,0.1425113081932068,0.1425113081932068,
AAPL.OQ,2019-Jul-30,0.28671050670731707,0.13043516006990077,0.34188293563157895,0.15591434369230764,0.29349827939999995,0.2857677605,0.17439192387804878,0.07880543211028493,0.20694793857894736,0.09755317738461539,0.1797769586,0.17364400238888889,0.5388975590243903,0.20609457014713056,0.4511691105263158,0.7465324823076924,0.52672476,0.5405882255555556,0.11231858350487806,0.06302610535783457,0.1349349970368421,0.05836116846153846,0.11372132074,0.11212375888888891,0.2807410908862948,0.3591631650924682,0.3245105122526486,0.3591631650924682,0.26441201642155643,0.3591631650924682,0.3591631650924682,,0.17063899151980869,0.2166518568992614,0.19486705317265451,0.2166518568992614,0.16448893938213582,0.2166518568992614,0.2166518568992614,,0.5486199036240578,0.4241849482059479,0.48062240415149265,0.4241849482059479,0.5710990339517593,0.4241849482059479,0.4241849482059479,,0.11010209936648606,0.1425113081932068,0.12964345928695467,0.1425113081932068,0.0999230770394206,0.1425113081932068,0.1425113081932068,
AAPL.OQ,2019-Oct-30,0.2892646414468085,0.1284670367184657,0.3442393312272728,0.1743565206875,0.29349827939999995,0.2887606369285714,0.17754532163829786,0.07398418603825202,0.20827120059090906,0.11329981025,0.1797769586,0.17727965057142855,0.5331900187234042,0.20064134269985676,0.4474894522727274,0.71234364875,0.52672476,0.5339596923809524,0.11171931946170213,0.06081062435467975,0.1359681306227273,0.061056709437499995,0.11372132074,0.11148098597619047,0.29442863687872883,0.3591631650924682,0.24775499850511545,0.3591631650924682,0.2773895755410194,0.3591631650924682,0.3591631650924682,,0.18429524004459372,0.2166518568992614,0.1585873753763735,0.2166518568992614,0.16972350077703588,0.2166518568992614,0.2166518568992614,,0.5212760925292969,0.4241849482059479,0.5936575949192047,0.4241849482059479,0.552886888384819,0.4241849482059479,0.4241849482059479,,0.11013339683413506,0.1425113081932068,0.08916762229055167,0.1425113081932068,0.10766607392579317,0.1425113081932068,0.1425113081932068,
AAPL.OQ,2020-Apr-30,0.3064634628863636,0.11245218436209088,0.34274694735000005,0.22646565933333332,0.29349827939999995,0.3081256658974359,0.19483453795454544,0.07881832852389807,0.20743313464999996,0.16494601579999996,0.1797769586,0.1967649968461538,0.49870198863636367,0.16458231534049106,0.4498199025000001,0.6085883266666667,0.52672476,0.4951093256410258,0.11162892422045455,0.1030937122675483,0.13531381268500003,0.06151964146666667,0.11372132074,0.11136066825641026,0.314457569271326,0.3591631650924682,0.3591631650924682,0.3591631650924682,0.3591631650924682,0.3591631650924682,0.3591631650924682,,0.16550553077831856,0.2166518568992614,0.2166518568992614,0.2166518568992614,0.2166518568992614,0.2166518568992614,0.2166518568992614,,0.5200368836522102,0.4241849482059479,0.4241849482059479,0.4241849482059479,0.4241849482059479,0.4241849482059479,0.4241849482059479,,0.14895203709602353,0.1425113081932068,0.1425113081932068,0.1425113081932068,0.1425113081932068,0.1425113081932068,0.1425113081932068,
AAPL.OQ,2020-Jan-28,0.2718437739375,0.16945471651488808,0.27815271046875,0.20935783785,0.29349827939999995,0.2700086463559322,0.170740287375,0.14486889664685146,0.17074968478125002,0.14317830795000003,0.1797769586,0.16997446777966105,0.55741592640625,0.23927322566673812,0.551097590625,0.6474638495000001,0.52672476,0.5600168727118643,0.1011034878703125,0.20530981342427815,0.107403025240625,0.06617953480000001,0.11372132074,0.10003417999999997,0.36683981120586395,0.2972402319312095,0.29347025988889586,0.3591631650924682,0.2739346763965758,0.3591631650924682,0.3591631650924682,,0.15840217178421354,0.17798425778746596,0.17783445997961927,0.2166518568992614,0.30625093728303904,0.2166518568992614,0.2166518568992614,,0.47475798640932354,0.5247754931449891,0.5286952619041715,0.4241849482059479,0.4198143739591945,0.4241849482059479,0.4241849482059479,,0.20843763649463654,0.11925597414374352,0.11563579990927662,0.1425113081932068,-0.03231625055724925,0.1425113081932068,0.1425113081932068,
AAPL.OQ,2020-Jul-30,0.3396011170740741,0.11470080857912297,0.34553537554166663,0.32077981257894733,0.29374975659999997,0.34427982732653056,0.20042623151851852,0.08477084323574993,0.208830032375,0.18041711921052628,0.1791070874,0.2026016543877551,0.4599726357962963,0.15669468818049304,0.44563457416666674,0.4988030580526317,0.527143146,0.4531185021020408,0.13917488682037038,0.12700992720282384,0.1367053431666667,0.1403626969631579,0.11464266919999999,0.14167817433265303,0.33478946735461546,0.3591631650924682,0.4279523491859436,0.3591631650924682,0.45088207721710205,0.3591631650924682,0.3591631650924682,,0.2830139597256978,0.2166518568992614,0.195997467264533,0.2166518568992614,0.18911267071962348,0.2166518568992614,0.2166518568992614,,0.3821965456008911,0.4241849482059479,0.37605015002191067,0.4241849482059479,0.3600052172938983,0.4241849482059479,0.4241849482059479,,0.05177550514539084,0.1425113081932068,0.231954887509346,0.1425113081932068,0.2617694139480591,0.1425113081932068,0.1425113081932068,
AAPL.OQ,2020-Oct-29,0.32115352021276594,0.13739619306002776,0.3435286722380953,0.2680301020625,0.29349827939999995,0.3244458107857143,0.2039261270425532,0.13395849876003116,0.20787212157142854,0.190793426125,0.1797769586,0.20680102804761907,0.4749203357446809,0.17694500638676705,0.44859919047619057,0.541176455,0.52672476,0.46875314238095234,0.11722739788723403,0.20575631015301712,0.13565655065238097,0.0772366898125,0.11372132074,0.1176447880238095,0.29366784649235855,0.28608314692974085,0.3834692435339093,0.3591631650924682,0.3869415404541151,0.3591631650924682,0.3591631650924682,,0.16055356790976857,0.1692006289958953,0.27505832479801023,0.2166518568992614,0.28340210592640297,0.2166518568992614,0.2166518568992614,,0.5457785683018821,0.5447162166237831,0.3414723966270685,0.4241849482059479,0.32965631783008575,0.4241849482059479,0.4241849482059479,,0.1331142783164978,0.11688251793384552,0.10841093957424164,0.1425113081932068,0.1035394583429609,0.1425113081932068,0.1425113081932068,
AAPL.OQ,2021-Apr-28,0.31868984115789467,0.13741109776029228,0.33819045707999995,0.27003007395,0.29349827939999995,0.32111210671153845,0.20074647127192985,0.12159120336286322,0.20128011355999997,0.19053618517499998,0.1797769586,0.20276277056730777,0.4805636722456141,0.18182828246128255,0.4605294120000001,0.5394337309000001,0.52672476,0.4761251061153846,0.11794337078421054,0.18512412138469014,0.13691034414800002,0.07949389055000002,0.11372132074,0.11834933713461536,0.3591631650924682,0.3591631650924682,0.2917030490934848,0.3591631650924682,0.24479814991354937,0.3591631650924682,0.3591631650924682,,0.2166518568992614,0.2166518568992614,0.27796524181030685,0.2166518568992614,0.2266905372962355,0.2166518568992614,0.2166518568992614,,0.4241849482059479,0.4241849482059479,0.43033168371766806,0.4241849482059479,0.5285112850368023,0.4241849482059479,0.4241849482059479,,0.1425113081932068,0.1425113081932068,0.013737805187702179,0.1425113081932068,0.018107610940933223,0.1425113081932068,0.1425113081932068,
AAPL.OQ,2021-Jan-27,0.32359965754545456,0.1298483833244439,0.34603019187999995,0.273496394631579,0.29349827939999995,0.32660979536,0.19674555542727273,0.07976904377604707,0.20927687971999998,0.1687322681842105,0.1797769586,0.19844241511000005,0.47965477181818184,0.16168792498390833,0.44469291200000005,0.5577713263157896,0.52672476,0.47494777299999996,0.12685410407454545,0.14249359823678923,0.13675331214800002,0.10476413212631579,0.11372132074,0.128167382408,0.3055492496738831,0.3591631650924682,0.34456928712981083,0.3591631650924682,0.3084536555867929,0.3591631650924682,0.3591631650924682,,0.18651795511444402,0.2166518568992614,0.1872458761291844,0.2166518568992614,0.18022257920641163,0.2166518568992614,0.2166518568992614,,0.5079327672719955,0.4241849482059479,0.468184803213392,0.4241849482059479,0.5113237408491281,0.4241849482059479,0.4241849482059479,,0.11903129455943902,0.1425113081932068,0.15732341366154806,0.1425113081932068,0.12823107781318518,0.1425113081932068,0.1425113081932068,
AAPL.OQ,2021-Jul-27,0.28955116801694913,0.12739790015168234,0.34700300507407406,0.1702239868,0.29349827939999995,0.28918569474074074,0.19466505928813557,0.12307031833829712,0.20982317455555552,0.16100952325,0.1797769586,0.19604358712962972,0.5157837572881356,0.1980367203728485,0.44317380370370385,0.6687664790000001,0.52672476,0.5147707014814815,0.09488610828305084,0.15340964388298242,0.13717983050740742,0.009214462250000006,0.11372132074,0.09314210712962961,0.292088012676686,0.3125480919012001,0.28977630287408823,0.3591631650924682,0.314256889373064,0.3591631650924682,0.3591631650924682,,0.20744146930519486,0.23537081054278777,0.179519279135598,0.2166518568992614,0.1761459070257842,0.2166518568992614,0.2166518568992614,,0.5004705041646957,0.45208107573645456,0.5307043956385719,0.4241849482059479,0.5095971882343292,0.4241849482059479,0.4241849482059479,,0.08464654348790646,0.07717728189059667,0.11025702353152964,0.1425113081932068,0.1381109818816185,0.1425113081932068,0.1425113081932068,
AAPL.OQ,2021-Oct-28,0.2984580753,0.11919003518149478,0.32357751488888886,0.23147302742857145,0.28078043175,0.299720764125,0.18575122043333334,0.06664339629494162,0.1990310312222222,0.15101966966666663,0.1764091295,0.18641851264285716,0.5157906891666667,0.1783059835245415,0.4773914355555557,0.6175072947619047,0.5428104125,0.5138607089285714,0.11270685488000001,0.0741767690058823,0.12454648365925929,0.08045335780952381,0.10437130225,0.11330225149642857,0.26036746179064113,0.30947523750364775,0.20358671301177567,0.3591631650924682,0.24502670094370843,0.3591631650924682,0.3591631650924682,,0.16680833635230852,0.21925785889228178,0.1229641259248767,0.2166518568992614,0.1439420383423566,0.2166518568992614,0.2166518568992614,,0.5728241801261902,0.47126688063144684,0.6734491458960942,0.4241849482059479,0.6110312402248382,0.4241849482059479,0.4241849482059479,,0.09355912543833256,0.09021737923224767,0.08062258682080678,0.1425113081932068,0.1010846622288227,0.1425113081932068,0.1425113081932068,
AAPL.OQ,2022-Apr-28,0.3005698896885246,0.12015317431549388,0.34700300507407406,0.21162382245454545,0.29349827939999995,0.3012012834642857,0.18819081757377049,0.06451382727546136,0.20982317455555552,0.14611781086363632,0.1797769586,0.18894205498214284,0.5112392752459016,0.17947972261493036,0.44317380370370385,0.6422583495454547,0.52672476,0.5098566426785714,0.11237907224426229,0.0706021904031779,0.13717983050740742,0.06550601196363635,0.11372132074,0.11225922862857142,0.2715290077030658,0.2416063845157623,0.3591631650924682,0.3591631650924682,0.3107146012286345,0.3591631650924682,0.3591631650924682,,0.15233430111159876,0.1185703249648213,0.2166518568992614,0.2166518568992614,0.18502814508974544,0.2166518568992614,0.2166518568992614,,0.5761366585890452,0.639823243021965,0.4241849482059479,0.4241849482059479,0.5042572269837061,0.4241849482059479,0.4241849482059479,,0.11919470814367135,0.12303606420755384,0.1425113081932068,0.1425113081932068,0.12568645613888899,0.1425113081932068,0.1425113081932068,
AAPL.OQ,2022-Jan-27,0.2954749602241379,0.15216452381643805,0.34700300507407406,0.18202676399999998,0.29349827939999995,0.29566143954716984,0.1745563818275862,0.08770534663309572,0.20982317455555552,0.09785379542105263,0.1797769586,0.17406387458490574,0.5299686471206896,0.20427620497250823,0.44317380370370385,0.7201194438421052,0.52672476,0.5302746742075473,0.1209185754086207,0.14129321271547077,0.13717983050740742,0.08417295947368421,0.11372132074,0.12159756169811317,0.31569048017263407,0.3431024551391601,0.28967676228947103,0.3591631650924682,0.304908450692892,0.3591631650924682,0.3591631650924682,,0.1632269541732966,0.1782958656549453,0.2220360450446605,0.2166518568992614,0.18070131980560036,0.2166518568992614,0.2166518568992614,,0.5210825403531393,0.4786016543706258,0.48828717403941685,0.4241849482059479,0.5143902112137188,0.4241849482059479,0.4241849482059479,,0.15246352553367612,0.16480658948421475,0.06764071890049511,0.1425113081932068,0.12420713020996614,0.1425113081932068,0.1425113081932068,
AAPL.OQ,2022-Jul-28,0.32775636305084743,0.10723282801283944,0.3465353064230769,0.2865594958571429,0.29349827939999995,0.3309284078333332,0.20870256025423728,0.08478182596567478,0.20956053280769227,0.2030978515238095,0.1797769586,0.21138085670370377,0.46354106033898307,0.13382842861260916,0.44390414423076935,0.5103426385714287,0.52672476,0.4576907177777778,0.11905380218135593,0.13951211377267358,0.1369747736038462,0.08346164261904761,0.11372132074,0.11954755046296293,0.3591631650924682,0.3591631650924682,0.3292357753962278,0.3591631650924682,0.37602598850543684,0.3591631650924682,0.3591631650924682,,0.2166518568992614,0.2166518568992614,0.25027370080351824,0.2166518568992614,0.18458551103965587,0.2166518568992614,0.2166518568992614,,0.4241849482059479,0.4241849482059479,0.42049049958586693,0.4241849482059479,0.4393884768852821,0.4241849482059479,0.4241849482059479,,0.1425113081932068,0.1425113081932068,0.07896207273006439,0.1425113081932068,0.19144047911350542,0.1425113081932068,0.1425113081932068,
AAPL.OQ,2022-Oct-27,0.311167563625,0.11034636095223273,0.34429648513636374,0.23561804256249996,0.29374975659999997,0.31319289002325584,0.21504371408333334,0.09898159675808364,0.20811895713636358,0.22356016368749998,0.1791070874,0.2192223916046512,0.4737887052083333,0.14890756409899847,0.4475845400000002,0.5408217793750001,0.527143146,0.4675847004651163,0.09612384954166665,0.1475597859152267,0.13617752800000005,0.012057878874999994,0.11464266919999999,0.09397049841860466,0.3060390098641316,0.3591631650924682,0.3591631650924682,0.3591631650924682,0.25438054340581095,0.3591631650924682,0.3591631650924682,,0.184211098589003,0.2166518568992614,0.2166518568992614,0.2166518568992614,0.3020622680584589,0.2166518568992614,0.2166518568992614,,0.5097498645385107,0.4241849482059479,0.4241849482059479,0.4241849482059479,0.4435571680466334,0.4241849482059479,0.4241849482059479,,0.12182791127512853,0.1425113081932068,0.1425113081932068,0.1425113081932068,-0.04768172403176624,0.1425113081932068,0.1425113081932068,
AAPL.OQ,2023-Aug-03,0.31793127257142856,0.1329550932807015,0.32410992257142857,0.2857032331818182,0.29349827939999995,0.32003756508620684,0.1923376652063492,0.07442077196400064,0.22036856475,0.14229449613636364,0.1797769586,0.19342048474137935,0.4897310495238095,0.1688875739692602,0.4555214960714287,0.5720022672727274,0.52672476,0.4865419365517242,0.1255936072180476,0.13382081520115932,0.10374135584642859,0.1434087391380455,0.11372132074,0.12661708019029308,0.3591631650924682,0.27378851441400387,0.30145421773195263,0.3591631650924682,0.2750625452026724,0.3591631650924682,0.3591631650924682,,0.2166518568992614,0.16299855442983754,0.1760625367984175,0.2166518568992614,0.14519946342334147,0.2166518568992614,0.2166518568992614,,0.4241849482059479,0.5632129183837346,0.5224832236766815,0.4241849482059479,0.5797379851341248,0.4241849482059479,0.4241849482059479,,0.1425113081932068,0.11078996051687032,0.12539168149232865,0.1425113081932068,0.12986308513245604,0.1425113081932068,0.1425113081932068,
AAPL.OQ,2023-Feb-02,0.3086283923888889,0.10981411847372327,0.3463014468749999,0.22470780133333332,0.35916317,0.30347178242857137,0.18914729103703706,0.07893070138769628,0.20837141941666668,0.14517874055555557,0.21665185999999997,0.18634070236734696,0.502224297037037,0.16555253583910653,0.44532711458333335,0.6301134383333333,0.42418495,0.5101874957142857,0.1194811012037037,0.09576402993361349,0.137930027375,0.07952906044444444,0.14251131,0.11713107989795918,0.30518826283514494,0.3591631650924682,0.3591631650924682,0.3591631650924682,0.27686583250761027,0.3591631650924682,0.3591631650924682,,0.24650247395038602,0.2166518568992614,0.2166518568992614,0.2166518568992614,0.15358079612875972,0.2166518568992614,0.2166518568992614,,0.4483092377583186,0.4241849482059479,0.4241849482059479,0.4241849482059479,0.5695533454418182,0.4241849482059479,0.4241849482059479,,0.05868578950564068,0.1425113081932068,0.1425113081932068,0.1425113081932068,0.12328503653407095,0.1425113081932068,0.1425113081932068,
AAPL.OQ,2023-May-04,0.3009356397619048,0.11776614145813336,0.34743729667857143,0.20734453581818177,0.29349827939999995,0.3015767915172413,0.18168615538095237,0.07384257888683791,0.21006705617857138,0.12490345618181817,0.1797769586,0.18185074131034487,0.517378188888889,0.18628438710011383,0.442495630357143,0.6677519954545456,0.52672476,0.5165724500000001,0.11924948455079366,0.06277985972058982,0.13737024048928576,0.08244108013636363,0.11372132074,0.1197260503965517,0.1991874277591705,0.3591631650924682,0.32966023758053775,0.3591631650924682,0.32484623500042487,0.3591631650924682,0.3591631650924682,,0.12927231813470516,0.2166518568992614,0.1965792398899793,0.2166518568992614,0.19690357976489592,0.2166518568992614,0.2166518568992614,,0.6715402454137802,0.4241849482059479,0.4737604945898056,0.4241849482059479,0.4782501657803853,0.4241849482059479,0.4241849482059479,,0.06991510962446532,0.1425113081932068,0.13308099769055842,0.1425113081932068,0.12794265523552895,0.1425113081932068,0.1425113081932068,
AAPL.OQ,2023-Nov-02,0.30008321969491525,0.11292547432878873,0.34700300507407406,0.20129353925000001,0.29349827939999995,0.30069293638888894,0.1831713129661017,0.103382905660357,0.20982317455555552,0.1271029716,0.1797769586,0.18348560503703712,0.5167454542372881,0.18812948085217254,0.44317380370370385,0.671603485,0.52672476,0.5158214444444446,0.11691190726610169,0.10718059331904425,0.13717983050740742,0.07419056924999999,0.11372132074,0.11720733194444441,0.30105627849698063,0.3591631650924682,0.32193877683444455,0.3591631650924682,0.2889668326824903,0.3591631650924682,0.3591631650924682,,0.22968103475868698,0.2166518568992614,0.18329150026494798,0.2166518568992614,0.14986348291859025,0.2166518568992614,0.2166518568992614,,0.4692626610398293,0.4241849482059479,0.4947697005488656,0.4241849482059479,0.561169657856226,0.4241849482059479,0.4241849482059479,,0.07137524820864201,0.1425113081932068,0.138647275892171,0.1425113081932068,0.13910335628315806,0.1425113081932068,0.1425113081932068,
AAPL.OQ,2024-Feb-01,0.3162818045833333,0.10133946187418484,0.3442393312272728,0.2510393520625,0.29349827939999995,0.31893105169767444,0.19301312365625,0.07979690042072546,0.20827120059090906,0.15725905765624998,0.1797769586,0.1945522126162791,0.49070505708333334,0.16021938308503147,0.4474894522727274,0.5917015806250001,0.52672476,0.48651671953488373,0.12326868063958334,0.08720216518025856,0.1359681306227273,0.09378029356249999,0.11372132074,0.12437883876744184,0.3178554698824882,0.3591631650924682,0.34802107065916055,,0.3591631650924682,0.3591631650924682,0.3591631650924682,,0.18921006284654135,0.2166518568992614,0.19599043671041722,,0.2166518568992614,0.2166518568992614,0.2166518568992614,,0.49293443986347746,0.4241849482059479,0.4559884637594223,,0.4241849482059479,0.4241849482059479,0.4241849482059479,,0.12864540730203902,0.1425113081932068,0.1520306333899498,,0.1425113081932068,0.1425113081932068,0.1425113081932068,
GOOGL.OQ,2019-Apr-29,0.31092333769767444,0.10730187061612621,0.35916317000000003,0.1705892800909091,0.35916317,0.3045759913421053,0.21083742588372092,0.1034363254681013,0.21665185999999997,0.19392270845454543,0.21665185999999997,0.21007236876315785,0.4782392160465116,0.15183761607587973,0.42418495,0.63548799,0.42418495,0.4853516194736843,0.1000859116744186,0.14618777776767033,0.14251131000000003,-0.023333428909090907,0.14251131,0.09450362242105265,0.3591631650924682,0.2925328183919191,0.26880000643432134,0.2974613588303327,0.28464539578327763,,,,0.2166518568992614,0.1654989807866513,0.20080533772706982,0.326966106891632,0.174173443363263,,,,0.4241849482059479,0.5419681742787361,0.5303946375846863,0.3755725249648094,0.5411811356361096,,,,0.1425113081932068,0.12703383713960648,0.06799466907978056,-0.029504746198654175,0.11047195242001459,,,
GOOGL.OQ,2019-Jul-25,0.2950422954565217,0.12393488948064106,0.3591631700000001,0.091021331,0.35916317,0.2889355455,0.17959266615217392,0.07371267184257081,0.21665185999999997,0.061677049363636376,0.21665186,0.1760632191190476,0.5253650265217391,0.19484410698761995,0.4241849500000001,0.8473016336363636,0.42418495,0.5350012242857143,0.11544962936086957,0.06018811695773135,0.14251131000000003,0.029344281872727272,0.14251131,0.11287232644285713,0.3591631650924682,0.3591631650924682,0.3290062866040638,0.3591631650924682,0.2717854039600262,,,,0.2166518568992614,0.2166518568992614,0.1871786536648869,0.2166518568992614,0.16079473796372226,,,,0.4241849482059479,0.4241849482059479,0.48381503990718294,0.4241849482059479,0.5674198430318099,,,,0.1425113081932068,0.1425113081932068,0.14182763227394649,0.1425113081932068,0.11099066556646274,,,
GOOGL.OQ,2019-Oct-28,0.31880691084,0.10168128131634217,0.3591631700000001,0.19101209016666665,0.35916317,0.3152976709130435,0.18958910236,0.06790681917476453,0.21665185999999997,0.10389036983333333,0.21665186,0.18723581908695655,0.491603967,0.16909753334153127,0.42418495000000017,0.7050975208333333,0.42418495,0.4974664902173913,0.12921780852,0.03615055363551002,0.14251131000000006,0.0871217205,0.14251131,0.12806185186956517,0.3591631650924682,0.27953262130419404,0.3591631650924682,0.27953262130419404,0.28116771036928345,,,,0.2166518568992614,0.15170528863867117,0.2166518568992614,0.15170528863867117,0.165074071931568,,,,0.4241849482059479,0.5687620639801025,0.4241849482059479,0.5687620639801025,0.5537581823088906,,,,0.1425113081932068,0.12782733142375946,0.1425113081932068,0.12782733142375946,0.11609363886104389,,,
GOOGL.OQ,2020-Feb-03,0.2987697233333333,0.12180964290037825,0.3591631700000001,0.12223503307692306,0.35916317,0.2936298555319149,0.19097732329411765,0.09086902301373423,0.21665185999999997,0.11592867753846156,0.21665186,0.1887922563404256,0.5102529366666666,0.1829949742027957,0.4241849500000001,0.7618362823076923,0.42418495,0.5175778717021278,0.10779239943137256,0.11270482579746534,0.14251131000000006,0.006306353153846149,0.14251131,0.10483759853191486,0.23226922005414954,0.3591631650924682,0.22166136031349495,0.3591631650924682,0.2667914469327245,,,,0.1546660028398036,0.2166518568992614,0.20013687097363997,0.2166518568992614,0.19312825113801016,,,,0.6130647599697113,0.4241849482059479,0.5782017641597323,0.4241849482059479,0.5400802876268115,,,,0.07760321721434596,0.1425113081932068,0.021524486442406975,0.1425113081932068,0.0736631931337927,,,
GOOGL.OQ,2020-Jul-30,0.3248830005263158,0.09104222110242488,0.3591631700000001,0.228898526,0.35916317,0.3208500394117647,0.1913507914736842,0.06627743902242127,0.21665185999999992,0.12050779959999999,0.21665186,0.18837419517647058,0.48376618789473685,0.15584632904604084,0.42418494999999995,0.6505936539999999,0.42418495,0.4907757452941177,0.13353220936842106,0.03278248595590257,0.14251131,0.10839072760000001,0.14251131,0.13247584458823528,0.3591631650924682,0.3591631650924682,0.3158984060088793,0.3591631650924682,0.3267145957797765,,,,0.2166518568992614,0.2166518568992614,0.18295478867366902,0.2166518568992614,0.19137905573006714,,,,0.4241849482059479,0.4241849482059479,0.5011467784643173,0.4241849482059479,0.48190632089972496,,,,0.1425113081932068,0.1425113081932068,0.13294361780087152,0.1425113081932068,0.13533554039895535,,,
GOOGL.OQ,2020-Oct-29,0.29285354419512194,0.12704968086552376,0.3242138454444444,0.1502024884,0.35916317,0.285684936,0.17826183345121951,0.07493843597110046,0.2003915096111111,0.08852138185000001,0.21665186,0.1741115603108108,0.5288846048780488,0.20038904393115442,0.47539462944444455,0.761276112,0.42418495,0.5402034864864866,0.11459171119512196,0.05795699994201132,0.12382233633333335,0.0616811075,0.14251131,0.1115733761891892,0.2825405057519674,0.3591631650924682,0.29786503762006755,0.3591631650924682,0.31984335975721473,,,,0.16572084533981973,0.2166518568992614,0.17590704765170806,0.2166518568992614,0.19818080682307476,,,,0.5517386123538017,0.4241849482059479,0.526227879524231,0.4241849482059479,0.48197581246495247,,,,0.11681966111063957,0.1425113081932068,0.12195799052715302,0.1425113081932068,0.12166255293413997,,,
GOOGL.OQ,2021-Apr-27,0.32125981976923074,0.1028553818906084,0.34396174231578946,0.2270072218888889,0.35916317,0.3156857976764706,0.2013098023076923,0.1039592041922222,0.2128730278947368,0.15814714444444444,0.21665185999999997,0.19905361735294114,0.4774303558974359,0.15173353995858047,0.44316520526315795,0.6148456144444444,0.42418495,0.4852605626470588,0.11995001562820512,0.14053620993002938,0.13108871368421057,0.06886007105555556,0.14251131,0.11663217822058825,0.2525101229548454,0.2525101229548454,0.3591631650924682,0.3591631650924682,0.3134547184620584,,,,0.15375297764937076,0.15375297764937076,0.2166518568992614,0.2166518568992614,0.189695194363594,,,,0.5937368869781494,0.5937368869781494,0.4241849482059479,0.4241849482059479,0.4968500648226057,,,,0.0987571453054746,0.0987571453054746,0.1425113081932068,0.1425113081932068,0.12375952409846443,,,
GOOGL.OQ,2021-Feb-02,0.33433044244444443,0.07561865922881682,0.34217333905882347,0.28351928675,0.35916317,0.3303251638064516,0.19750669743055557,0.058318348162598704,0.2124284594117647,0.1394733546875,0.21665185999999997,0.19441876798387095,0.46816283833333333,0.12821778595710218,0.44539817647058827,0.57700734125,0.42418495,0.47525604612903244,0.136823745,0.0424101524308032,0.12974487882352942,0.14404593375000002,0.14251131,0.1359063958064516,0.3591631650924682,0.3591631650924682,0.3591631650924682,0.3591631650924682,0.3591631650924682,,,,0.2166518568992614,0.2166518568992614,0.2166518568992614,0.2166518568992614,0.2166518568992614,,,,0.4241849482059479,0.4241849482059479,0.4241849482059479,0.4241849482059479,0.4241849482059479,,,,0.1425113081932068,0.1425113081932068,0.1425113081932068,0.1425113081932068,0.1425113081932068,,,
GOOGL.OQ,2021-Jul-27,0.292169745372093,0.1281613387647404,0.3092095138333333,0.14893448112500002,0.35916317,0.2833548210789474,0.175456674372093,0.07725505938688958,0.19202093866666667,0.06912050125000001,0.21665185999999997,0.1700362552105263,0.5323735662790697,0.19430588898346482,0.49876952875,0.7819450262500001,0.42418495,0.5466089105263159,0.11671307093023255,0.08386043083788283,0.11718857445833332,0.079813981625,0.14251131,0.11331856578947369,0.2999090226367116,0.29156746529042715,0.3591631650924682,0.3591631650924682,0.2577993880646924,,,,0.1299599057529121,0.1667822967283427,0.2166518568992614,0.2166518568992614,0.16877211692432556,,,,0.5701310634613037,0.541650228202343,0.4241849482059479,0.4241849482059479,0.5734284818172455,,,,0.1699491171166301,0.12478516809642314,0.1425113081932068,0.1425113081932068,0.08902727176124851,,,
GOOGL.OQ,2021-Oct-26,0.3064421010909091,0.1149642857982463,0.34379434285714294,0.1594650038,0.35916317,0.2996829896923077,0.188527262,0.0626196927032661,0.20850900199999994,0.1100036306,0.21665185999999997,0.18492154430769228,0.505030626590909,0.17487613737935911,0.44769663809523824,0.730531382,0.42418495,0.5153954569230771,0.11791483943181819,0.06078133023453727,0.13528534095238098,0.0494613745,0.14251131,0.11476144576923075,0.258975801244378,0.33086188882589335,0.34029564758141834,0.3591631650924682,0.291453128059705,,,,0.16392037272453303,0.18702232837676994,0.19689883788426712,0.2166518568992614,0.17984290938410488,,,,0.5771038115024567,0.4821157505114873,0.46280548307630753,0.4241849482059479,0.5287039445506202,,,,0.09505543112754822,0.14383956293265024,0.14339681135283577,0.1425113081932068,0.11161021867560016,,,
GOOGL.OQ,2022-Apr-26,0.316999119575,0.10806176291846704,0.35916317000000003,0.17176739033333335,0.35916317,0.3109756838,0.197003895975,0.10114044455948129,0.21665186,0.12932757544444443,0.21665185999999997,0.19419704397142856,0.48599697124999997,0.16473548881056924,0.42418495000000006,0.6989050444444446,0.42418495,0.4948272600000001,0.1199952235925,0.1291343884260565,0.14251131000000003,0.04243981485555556,0.14251131,0.11677863982,0.3591631650924682,0.3591631650924682,0.3591631650924682,0.3591631650924682,0.26976874413398594,,,,0.2166518568992614,0.2166518568992614,0.2166518568992614,0.2166518568992614,0.15592700615525243,,,,0.4241849482059479,0.4241849482059479,0.4241849482059479,0.4241849482059479,0.574304229938067,,,,0.1425113081932068,0.1425113081932068,0.1425113081932068,0.1425113081932068,0.11384173826529428,,,
GOOGL.OQ,2022-Feb-01,0.31136114439024387,0.10707411488837823,0.3591631700000001,0.14139838666666668,0.35916317,0.30472197416666674,0.18817956396341465,0.07129285300134007,0.21665185999999997,0.08694473361111112,0.21665185999999997,0.18422507840277777,0.500459274390244,0.17202571746060472,0.42418495000000006,0.7716568722222221,0.42418495,0.5110529305555557,0.12318158109756099,0.05917962498703675,0.14251131000000003,0.05445365611111111,0.14251131,0.12049689652777779,0.3591631650924682,0.26517064869403834,0.29420083388686175,0.3591631650924682,0.3045239181003787,,,,0.2166518568992614,0.14816676111270977,0.22096138894557943,0.2166518568992614,0.20025866478681556,,,,0.4241849482059479,0.5866625706354777,0.48483775854110717,0.4241849482059479,0.4952173964543776,,,,0.1425113081932068,0.1170038878917694,0.07323944568634033,0.1425113081932068,0.10426525365222584,,,
GOOGL.OQ,2022-Jul-26,0.30772054827499995,0.11338958264211715,0.35916317000000003,0.13052929566666668,0.35916317,0.3003716023142857,0.1923995663,0.0672458277636179,0.21665186,0.10886388799999999,0.21665185999999997,0.18893495291428572,0.499879868,0.17009293339264306,0.42418495000000006,0.7606068077777778,0.42418495,0.5106934277142857,0.115320982175,0.07633343809857089,0.14251131000000003,0.02166540855555556,0.14251131,0.11143664962857146,0.3123024068772792,0.19849632680416102,0.3591631650924682,0.3591631650924682,0.2931960005970562,,0.3591631650924682,,0.18382419987271223,0.21746288239955897,0.2166518568992614,0.2166518568992614,0.16989236796165208,,0.2166518568992614,,0.5038733730713526,0.5840407758951187,0.4241849482059479,0.4241849482059479,0.5369116120478686,,0.4241849482059479,,0.12847820669412613,-0.018966555595397908,0.1425113081932068,0.1425113081932068,0.12330363296410617,,0.1425113081932068,
GOOGL.OQ,2022-Oct-25,0.31349306839130436,0.12076754558710934,0.3591631700000001,0.19749889163636364,0.35916317,0.3079235438048781,0.18811481476086958,0.07324874719665174,0.21665185999999997,0.086466379,0.21665185999999997,0.18463468729268293,0.4983920969565217,0.17034247720157905,0.4241849500000001,0.7160347054545454,0.42418495,0.5074417490243903,0.12537825549565218,0.1043254536340314,0.14251131000000006,0.11103251934545454,0.14251131,0.12328885860487802,0.3591631650924682,0.308788264170289,0.3255798978110154,0.3591631650924682,0.35384734347462654,,,,0.2166518568992614,0.18487556899587307,0.19546766496366919,0.2166518568992614,0.1808544862168756,,,,0.4241849482059479,0.5063361277182897,0.47895240121417576,0.4241849482059479,0.465298132462935,,,,0.1425113081932068,0.12391269579529762,0.13011223326126733,0.1425113081932068,0.1729928654703227,,,
GOOGL.OQ,2023-Apr-25,0.299404058,0.1155074257311928,0.3307751087619048,0.15316602488888886,0.35916317,0.2911041813333334,0.18808525678048782,0.0832317838224167,0.20646686571428569,0.11028009866666666,0.21665185999999997,0.18411767299999995,0.5125106724390245,0.1779429287221507,0.46275800238095255,0.7365538966666667,0.42418495,0.524778133888889,0.1113188012195122,0.09420885331037726,0.12430824223809528,0.04288592811111111,0.14251131,0.10698650833333335,0.3591631650924682,0.3015401847660541,0.26623532424370444,0.3591631650924682,0.3067801609635353,,,,0.2166518568992614,0.1779193990863859,0.19763409605042798,0.2166518568992614,0.17687145331874485,,,,0.4241849482059479,0.5205404043197632,0.5361305740144517,0.4241849482059479,0.5163483679294586,,,,0.1425113081932068,0.12362078577280045,0.0686012278828356,0.1425113081932068,0.1299087081104517,,,
GOOGL.OQ,2023-Feb-02,0.2912635496470588,0.12472018232128004,0.3591631700000001,0.0705897835,0.35916317,0.27955671855172415,0.17421891638235296,0.0800796928780122,0.21665185999999992,0.036311849625,0.21665185999999997,0.16690289162068964,0.5345175170588236,0.2031056898523127,0.42418494999999995,0.89309836,0.42418495,0.553540373448276,0.11704463311764705,0.05180582619674122,0.14251131,0.03427793325,0.14251131,0.11265382675862072,0.25546029334266973,0.27885203029621725,0.3591631650924682,0.3591631650924682,0.2930191466584801,,,,0.15356456736723575,0.16254452353512694,0.21665185689926142,0.2166518568992614,0.18186924699693913,,,,0.5909751057624817,0.5586034222082659,0.4241849482059479,0.4241849482059479,0.5251115709543228,,,,0.1018957265963157,0.1163075070150874,0.1425113081932068,0.1425113081932068,0.1111498991958797,,,
GOOGL.OQ,2023-Jul-25,0.30199759317499997,0.11383563955490582,0.3422380315789474,0.16265862569999998,0.35916317,0.2938310822,0.17892796295,0.07449533268807856,0.20906275452631573,0.0801755722,0.21665185999999997,0.17353883479999999,0.519074429,0.18720698017876305,0.44869919684210524,0.757165797,0.42418495,0.5326300688571429,0.123069629855,0.04438202540580923,0.13317527715789476,0.08248305182,0.14251131,0.12029224697714286,0.3591631650924682,0.3591631650924682,0.30446373884166983,0.27993497811257834,0.2928344551473856,,0.3591631650924682,,0.2166518568992614,0.2166518568992614,0.18612405870641974,0.1738718226552009,0.17298066364601247,,0.2166518568992614,,0.4241849482059479,0.4241849482059479,0.509412190743855,0.5461931899189949,0.5341848522424698,,0.4241849482059479,,0.1425113081932068,0.1425113081932068,0.11833968013525009,0.10606315545737743,0.11985379178076982,,0.1425113081932068,
GOOGL.OQ,2023-Oct-24,0.30270153486111107,0.1195651726539329,0.34217333905882347,0.14118920262499998,0.3013977448,0.3029118235806452,0.1984199051388889,0.1155123309322821,0.2124284594117647,0.143582789375,0.202292298,0.19779532564516125,0.4988785422222223,0.17942717765382757,0.44539817647058827,0.71522800875,0.49630991999999996,0.49929283612903247,0.10428162875,0.1519333710409758,0.12974487882352942,-0.002393589375000005,0.099105444,0.10511649725806455,0.19714434444904322,0.26057045161724085,0.25743050707711107,0.3591631650924682,0.3179021477699279,,0.3591631650924682,,0.4758791029453277,0.1744800402472416,0.24614336714148516,0.2166518568992614,0.2063950278929301,,0.2166518568992614,,0.3269765377044677,0.5649494826793671,0.4964261021878984,0.4241849482059479,0.4757027881486075,,0.4241849482059479,,-0.2787347733974457,0.08609041012823582,0.011287135796414475,0.1425113081932068,0.11150711881262916,,0.1425113081932068,
GOOGL.OQ,2024-Jan-30,0.31268097538888884,0.10597028747539747,0.34217333905882347,0.18609668499999998,0.3013977448,0.3145008512903226,0.1875777651666667,0.06871934544335997,0.2124284594117647,0.0947931595,0.202292298,0.18520445341935482,0.49974124333333336,0.1724152299354783,0.44539817647058827,0.71911016375,0.49630991999999996,0.5002946825806454,0.1251032095277778,0.04665932568578267,0.12974487882352942,0.09130352412500001,0.099105444,0.12929639751612906,0.3591631650924682,0.2424628540873527,0.22037870933612183,0.3100507594645023,0.26247357373887836,,,,0.2166518568992614,0.1617446342483162,0.13980518560856572,0.18286213853086028,0.15618284376846114,,,,0.4241849482059479,0.5957924783229828,0.639816070596377,0.5070870767037073,0.5813435614109039,,,,0.1425113081932068,0.08071821853518486,0.08057352341711521,0.12718862108886242,0.10629072819243778,,,
MSFT.OQ,2018-Oct-24,0.30557484976190474,0.10791385624770682,0.34289042315000007,0.1666377187,0.2940721826,0.3071292642432433,0.17609518621428571,0.07995900200133955,0.20704627814999998,0.06552499380000001,0.17822953260000002,0.175806761027027,0.5183299488095239,0.18449701959183462,0.4500632825000001,0.76783728,0.52769828,0.5170639581081082,0.12947966426190477,0.0451501770891407,0.13584414500000003,0.1011127279,0.11584265,0.131322504027027,0.27243733902772266,,0.3591631650924682,0.3591631650924682,0.2977179554956299,,0.3591631650924682,,0.1487791743129491,,0.2166518568992614,0.2166518568992614,0.165714942118419,,0.2166518568992614,,0.5787834723790487,,0.4241849482059479,0.4241849482059479,0.5365670791694096,,0.4241849482059479,,0.1236581653356552,,0.1425113081932068,0.1425113081932068,0.13200301570551737,,0.1425113081932068,
MSFT.OQ,2019-Apr-24,0.3607429385,0.1643986140057048,0.3443697637727274,0.40269708266666665,0.2940721826,0.3697525001081081,0.1760200172857143,0.080519079348348,0.20791951286363633,0.04838233144444445,0.17822953260000002,0.1757214341351351,0.4632370245238095,0.17596989569920302,0.447710706818182,0.5489205588888889,0.52769828,0.4545260440540541,0.18472292297619047,0.18988167941843934,0.13645025090909096,0.35431475944444446,0.11584265,0.19403106797297295,0.351356950189386,,0.43506740033626556,0.3591631650924682,0.3680294454097748,0.3591631650924682,0.3591631650924682,,0.14586817193776364,,0.15542461518198245,0.2166518568992614,0.17806732948296342,0.2166518568992614,0.2166518568992614,,0.5027748505984034,,0.40950795598328116,0.4241849482059479,0.4539031930840932,0.4241849482059479,0.4241849482059479,,0.20548877439328603,,0.2796427994966507,0.1425113081932068,0.1899621137059652,0.1425113081932068,0.1425113081932068,
MSFT.OQ,2019-Jan-30,0.3052919789333333,0.1172625467079878,0.33150176995454556,0.19410382481818178,0.2940721826,0.30669445347499996,0.19974623753333334,0.1064566981248701,0.1993972592272727,0.18200169690909093,0.17822953260000002,0.20243582564999998,0.4949617697777777,0.18394110058726826,0.4691009563636366,0.6238944727272727,0.52769828,0.49086970599999996,0.10554574093333334,0.1277996207245709,0.13210451072727278,0.012102125999999998,0.11584265,0.10425862729999999,0.20937374792993066,0.20937374792993066,0.2611973943809668,0.3591631650924682,0.2996671326458454,,0.3591631650924682,,0.4778963923454284,0.4778963923454284,0.15368395267675314,0.2166518568992614,0.17853290215134615,,0.2166518568992614,,0.3127298727631569,0.3127298727631569,0.5851186414559683,0.4241849482059479,0.5217999418576559,,0.4241849482059479,,-0.2685226500034332,-0.2685226500034332,0.1075134417042136,0.1425113081932068,0.12113423086702824,,0.1425113081932068,
MSFT.OQ,2019-Jul-18,0.285360735975,0.1304579459079452,0.342710045,0.06771485211111111,0.29335067,0.28421931682857143,0.168517096225,0.08452114053096807,0.20732828189999997,0.023438639,0.1793575476,0.1669684603142857,0.5461221485000001,0.21447989757779592,0.4499616575000001,0.9088464822222222,0.52729178,0.5488122011428571,0.11684364032300001,0.04821381199155718,0.13538176309600003,0.04427621566666667,0.11399312238400001,0.11725085717142857,0.27474437902371085,,0.2881993390619754,0.3591631650924682,0.2429496559959191,,0.3591631650924682,,0.14928043261170382,,0.16582647291943425,0.2166518568992614,0.14252351532475302,,0.2166518568992614,,0.5759751796722412,,0.5459741726517677,0.4241849482059479,0.614526799091926,,0.4241849482059479,,0.125463946412007,,0.12237286567687987,0.1425113081932068,0.10042614145920827,,0.1425113081932068,
MSFT.OQ,2019-Oct-23,0.3187122883783784,0.09689341633015859,0.3418440910526316,0.213210655,0.29335067,0.32267504125,0.1869624417837838,0.0687742378870955,0.20683756726315786,0.102647246,0.1793575476,0.1881507065,0.49432525351351353,0.16472603452267534,0.45131832631578955,0.684142085,0.52729178,0.48917423375,0.13174984702486486,0.03319331608644653,0.13500652378526318,0.110563411,0.11399312238400001,0.13452433525000002,0.32491640448570247,0.3591631650924682,0.30811506758133567,0.3591631650924682,0.32060465340813,,0.3591631650924682,,0.1811439998447894,0.2166518568992614,0.1849694351355234,0.2166518568992614,0.1884251317630211,,0.2166518568992614,,0.4939395785331726,0.4241849482059479,0.506915474931399,0.4241849482059479,0.4909701893726985,,0.4241849482059479,,0.14377240538597108,0.1425113081932068,0.12314563244581223,0.1425113081932068,0.13217952226599058,,0.1425113081932068,
MSFT.OQ,2020-Apr-29,0.30925263059999997,0.10536310892170782,0.34420578363636367,0.1507432855,0.29335067,0.31152433925714285,0.17755049974999998,0.07925565490434519,0.20817587990909087,0.044454004000000005,0.1793575476,0.17729235005714286,0.5131968542500001,0.18235696986259559,0.44761832045454564,0.8048027025,0.52729178,0.5111832934285714,0.131702131673,0.038879639708241265,0.1360299037236364,0.10628928562500001,0.11399312238400001,0.1342319901428571,0.3591631650924682,0.3591631650924682,0.3067911490797996,0.3591631650924682,0.2597918596118688,,0.3591631650924682,,0.2166518568992614,0.2166518568992614,0.166057938709855,0.2166518568992614,0.13826502664014692,,0.2166518568992614,,0.4241849482059479,0.4241849482059479,0.5271508768200874,0.4241849482059479,0.6019430994987488,,0.4241849482059479,,0.1425113081932068,0.1425113081932068,0.14073321595788002,0.1425113081932068,0.12152683380991221,,0.1425113081932068,
MSFT.OQ,2020-Jan-29,0.3179558472894737,0.09911380952859003,0.34289042315000007,0.20411025424999998,0.2940721826,0.3215745843636364,0.1866451307105263,0.07041787709748062,0.20704627814999998,0.09813385050000001,0.17822953260000002,0.18792022133333336,0.49539900868421055,0.1681333699712019,0.4500632825000001,0.6977558975,0.52769828,0.49050517969696966,0.13131071639473682,0.03599478393362513,0.13584414500000003,0.105976402875,0.11584265,0.1336543628181818,0.328917594892638,0.3591631650924682,0.3038747310638428,0.3591631650924682,0.3257294761446806,,0.3591631650924682,,0.19026102444955276,0.2166518568992614,0.14845202273378763,0.2166518568992614,0.18543534969481135,,0.2166518568992614,,0.4808213540485927,0.4241849482059479,0.547673245271047,0.4241849482059479,0.4888351536714114,,0.4241849482059479,,0.13865657044308527,0.1425113081932068,0.1554227073987325,0.1425113081932068,0.14029412602002805,,0.1425113081932068,
MSFT.OQ,2020-Jul-22,0.3295257197560975,0.0884679749346219,0.34485610478260875,0.24840405,0.29335067,0.33455003222222224,0.20254385176829268,0.07000288431402497,0.20854440078260864,0.1676572630625,0.1793575476,0.20576417179166664,0.4679304148780488,0.1324282105788441,0.44659947826086976,0.58393868875,0.52729178,0.45968578083333334,0.12698186785170731,0.08897609704994155,0.1363117039965218,0.08074678625,0.11399312238400001,0.12878586027777775,0.28344288840889925,0.3591631650924682,0.3591631650924682,0.3591631650924682,0.3346527123025485,,0.3591631650924682,,0.27050148695707316,0.2166518568992614,0.2166518568992614,0.2166518568992614,0.21732905413955445,,0.2166518568992614,,0.4460556134581566,0.4241849482059479,0.4241849482059479,0.4241849482059479,0.4480182102748326,,0.4241849482059479,,0.012941405177116394,0.1425113081932068,0.1425113081932068,0.1425113081932068,0.11732365829604012,,0.1425113081932068,
MSFT.OQ,2020-Oct-27,0.3078068703488372,0.11442858854691433,0.33100950782608707,0.20308450449999998,0.29335067,0.3097090019736843,0.20075666525581395,0.1186393332534362,0.20277662252173909,0.1802155688,0.1793575476,0.2035723386315789,0.4914364511627907,0.181895135435802,0.46621385434782636,0.6166999249999999,0.52729178,0.4867186447368422,0.10705020490511628,0.14578253833013274,0.1282328853008696,0.022868934900000006,0.11399312238400001,0.10613666313157898,0.26962935179471964,0.3591631650924682,0.2850906495004892,0.3591631650924682,0.2500426227396184,,0.3591631650924682,,0.1511868728945652,0.2166518568992614,0.1662569646723568,0.2166518568992614,0.21810644932768558,,0.2166518568992614,,0.5791837573051453,0.4241849482059479,0.5486523732542992,0.4241849482059479,0.531850902871652,,0.4241849482059479,,0.11844247827927269,0.1425113081932068,0.11883368529379366,0.1425113081932068,0.0319361729886044,,0.1425113081932068,
MSFT.OQ,2021-Apr-27,0.31435753313953485,0.10398485138862919,0.34562522020833325,0.1811929933333333,0.29418101099999994,0.3170123386842106,0.18407549695348838,0.07479094955083647,0.20857841583333334,0.082538421,0.177899328,0.18488815076315787,0.5015669546511627,0.17807120257331838,0.44579634625000003,0.7362685822222222,0.527919652,0.4980994944736843,0.13028203644186045,0.03322230800865595,0.13704680437500003,0.09865457355555557,0.116281683,0.1321241882105263,0.3591631650924682,0.3591631650924682,0.28363930682341254,0.3591631650924682,0.2759589657187461,,0.3591631650924682,,0.2166518568992614,0.2166518568992614,0.14812693465501062,0.2166518568992614,0.1570549289695918,,0.2166518568992614,,0.4241849482059479,0.4241849482059479,0.5682337482770284,0.4241849482059479,0.5669860929250717,,0.4241849482059479,,0.1425113081932068,0.1425113081932068,0.13551237185796097,0.1425113081932068,0.11890403684228656,,0.1425113081932068,
MSFT.OQ,2021-Jan-26,0.3152363675,0.10376474429728756,0.34294188115000007,0.19106408025,0.29427801459999997,0.3184118755151515,0.18604305242105265,0.07167884837651978,0.20708091049999994,0.09518739775,0.178368062,0.18720592975757577,0.4987205657894737,0.17489050869558273,0.44997718950000004,0.7137485262500001,0.527353908,0.49438218060606065,0.129193315,0.034975328217126726,0.13586097065000002,0.095876682125,0.1159099526,0.13120594566666666,0.3591631650924682,0.3591631650924682,0.3591631650924682,0.3591631650924682,0.3591631650924682,,0.3591631650924682,,0.2166518568992614,0.2166518568992614,0.2166518568992614,0.2166518568992614,0.21665185689926142,,0.2166518568992614,,0.4241849482059479,0.4241849482059479,0.4241849482059479,0.4241849482059479,0.4241849482059479,,0.4241849482059479,,0.1425113081932068,0.1425113081932068,0.1425113081932068,0.1425113081932068,0.1425113081932068,,0.1425113081932068,
MSFT.OQ,2021-Jul-27,0.3474477097714285,0.1776522051239144,0.3398065523529411,0.349040844,0.29335067,0.3564638830666667,0.18077948337142857,0.07469060451932762,0.2056829445882353,0.0830191575,0.1793575476,0.18101647266666662,0.47177279208571427,0.1948563590999903,0.45451048823529416,0.567939990375,0.52729178,0.46251962743333347,0.1666682290262857,0.19054917650752393,0.13412360776,0.266021698,0.11399312238400001,0.17544741346666662,0.3857895261608064,0.3591631650924682,0.30001060962676995,0.3591631650924682,0.44441023698219884,0.3591631650924682,0.3591631650924682,,0.16793683567084366,0.2166518568992614,0.19834358394145957,0.2166518568992614,0.1849863112259369,0.2166518568992614,0.2166518568992614,,0.4462736239656806,0.4241849482059479,0.5016457796096802,0.4241849482059479,0.37060343101620674,0.4241849482059479,0.4241849482059479,,0.21785269398242235,0.1425113081932068,0.10166702568531036,0.1425113081932068,0.2594239344963661,0.1425113081932068,0.1425113081932068,
MSFT.OQ,2021-Oct-26,0.31412971824999997,0.10283086713432012,0.342710045,0.211935613,0.29335067,0.3170981537142857,0.2052020343125,0.13633391531790146,0.20732828189999997,0.18949971345,0.1793575476,0.20889410384285714,0.48066823049999996,0.17304836291014053,0.4499616575000001,0.598564657,0.52729178,0.4740077234285715,0.108927687473,0.16845326901707497,0.13538176309600003,0.022435913699999997,0.11399312238400001,0.10820405391428572,0.3591631650924682,0.3591631650924682,0.3591631650924682,0.3591631650924682,0.3591631650924682,,0.3591631650924682,,0.2166518568992614,0.2166518568992614,0.2166518568992614,0.2166518568992614,0.2166518568992614,,0.2166518568992614,,0.4241849482059479,0.4241849482059479,0.4241849482059479,0.4241849482059479,0.4241849482059479,,0.4241849482059479,,0.1425113081932068,0.1425113081932068,0.1425113081932068,0.1425113081932068,0.1425113081932068,,0.1425113081932068,
MSFT.OQ,2022-Apr-26,0.3288075175,0.11586916923348534,0.32970793645454555,0.29647094329999996,0.2947227,0.33341357391891896,0.18349162004761904,0.07193866942417013,0.19958695595454543,0.1149216411,0.1793070532,0.18405710205405404,0.48770084,0.16143581085980088,0.4707050881818184,0.588607384,0.5259702340000001,0.48252930027027036,0.1453158993642857,0.10554693294515169,0.13012098060454552,0.18154931,0.1154156472,0.14935647398108104,0.3591631650924682,0.3591631650924682,0.3591631650924682,0.3591631650924682,0.3565692029893398,0.3591631650924682,0.3591631650924682,,0.2166518568992614,0.2166518568992614,0.2166518568992614,0.2166518568992614,0.17572832051664586,0.2166518568992614,0.2166518568992614,,0.4241849482059479,0.4241849482059479,0.4241849482059479,0.4241849482059479,0.46770244240760805,0.4241849482059479,0.4241849482059479,,0.1425113081932068,0.1425113081932068,0.1425113081932068,0.1425113081932068,0.18084088563919068,0.1425113081932068,0.1425113081932068,
MSFT.OQ,2022-Jan-25,0.3081143275757575,0.11123668653630502,0.33859676375,0.1897195075,0.29335067,0.310750695,0.18206733536363637,0.07459629162968448,0.204997387375,0.097299641125,0.1793575476,0.18255122603571428,0.509818320909091,0.1850624060831863,0.45640583437500004,0.7129808362500001,0.52729178,0.506698060357143,0.1260469925369697,0.0403524898251844,0.13359937637,0.092419867725,0.11399312238400001,0.12819946935,0.3591631650924682,0.3591631650924682,0.3591631650924682,0.3591631650924682,0.3303668871521949,,0.3591631650924682,,0.2166518568992614,0.21665185689926142,0.2166518568992614,0.2166518568992614,0.19103314180392766,,0.2166518568992614,,0.4241849482059479,0.4241849482059479,0.4241849482059479,0.4241849482059479,0.4785999394953251,,0.4241849482059479,,0.1425113081932068,0.1425113081932068,0.1425113081932068,0.1425113081932068,0.13933374639600515,,0.1425113081932068,
MSFT.OQ,2022-Jul-26,0.30206505197222216,0.12111966522556714,0.3402100905882353,0.166570959,0.2947227,0.3032493022903226,0.19433676358333335,0.07225170718996489,0.20566809329411764,0.1481385892222222,0.1793070532,0.19676091041935478,0.5035981705555556,0.17285519406636435,0.4541217982352941,0.6852904522222222,0.5259702340000001,0.4999897732258066,0.1077282885,0.09950704159897751,0.1345419974117647,0.018432370000000003,0.1154156472,0.10648839193548389,0.3591631650924682,0.3591631650924682,0.3591631650924682,0.3591631650924682,0.30125679651444603,,0.3591631650924682,,0.2166518568992614,0.2166518568992614,0.2166518568992614,0.2166518568992614,0.18857825919985768,,0.2166518568992614,,0.4241849482059479,0.4241849482059479,0.4241849482059479,0.4241849482059479,0.5101649246432565,,0.4241849482059479,,0.1425113081932068,0.1425113081932068,0.1425113081932068,0.1425113081932068,0.11267853735692122,,0.1425113081932068,
MSFT.OQ,2022-Oct-25,0.2878651514285714,0.12491926469505053,0.32290389941176467,0.12428528875,0.23588164999999997,0.29652906833333337,0.16885718637142857,0.0830606651834183,0.1970301950588235,0.049246200875,0.1499381992,0.17201035089999994,0.5432776477142857,0.20627470831203762,0.48006589235294117,0.8264684999999999,0.6141801539999999,0.5314605633333335,0.11900796510571429,0.049583690307247,0.12587370433529413,0.07503908812499999,0.08594345074000001,0.12451871750000004,0.15366415679454798,0.23636465572885101,0.21206054091453547,0.3591631650924682,0.2986239548772573,,0.0649579167366027,,0.08152150106616313,0.14507667148219677,0.1432297229766845,0.2166518568992614,0.17081168293952934,,0.0698075890541076,,0.7648143544793129,0.6185586622783116,0.6447097510099411,0.4241849482059479,0.5305643404523531,,0.8652345538139343,,0.07214265502989292,0.09128798384751595,0.068830817937851,0.1425113081932068,0.12781227255860964,,-0.0048496723175048,
MSFT.OQ,2023-Apr-25,0.30502983370731707,0.11307894182756309,0.3298045446190477,0.19886960449999996,0.23585694339999996,0.31463717958333337,0.1845220097804878,0.0726102008322272,0.20086878309523803,0.11806393559999999,0.150362937,0.1892663254444444,0.5104481424390244,0.17972675216311118,0.46932665714285726,0.683066454,0.61378012,0.49609647888888897,0.1205078240512195,0.061777628784161646,0.12893576143333338,0.08080566959999999,0.08549400602,0.1253708543333333,0.13993867672979826,0.2593413653473059,0.28561185300350184,0.3591631650924682,0.23517225931088126,,0.0649579167366027,,0.08105832873843602,0.16005963024993727,0.17994078993797294,0.2166518568992614,0.1240199247064689,,0.0698075890541076,,0.7790030017495155,0.5805990000565847,0.5344473496079445,0.4241849482059479,0.6408078024784724,,0.8652345538139343,,0.05888035055249927,0.09928173509736855,0.1056710630655289,0.1425113081932068,0.11115233600139618,,-0.0048496723175048,
MSFT.OQ,2023-Jan-24,0.2849613916944444,0.12969598363581938,0.32289663276470587,0.130859516,0.23585694339999996,0.2928814640000001,0.17837890655555555,0.09166163028107151,0.19715511794117646,0.10038722566666666,0.150362937,0.18289761132258062,0.5366596927777778,0.19786309773144228,0.4799482352941176,0.7687532711111111,0.61378012,0.5242209141935485,0.10658248514166667,0.10628266806684848,0.1257415147117647,0.030472290555555566,0.08549400602,0.10998385274193552,0.21206054091453547,0.3003221154212951,0.26116116593281424,0.2610947489738464,0.28144947025510997,,0.0649579167366027,,0.1432297229766845,0.18728300333023062,0.23109598457813255,0.16770376761754346,0.2039338588300678,,0.0698075890541076,,0.6447097510099411,0.5123948693275452,0.50774285197258,0.57120148340861,0.5146166682243347,,0.8652345538139343,,0.068830817937851,0.11303911209106447,0.03006517887115481,0.09339098135630293,0.07751561039023931,,-0.0048496723175048,
MSFT.OQ,2023-Jul-25,0.3226694181842105,0.11874220475749907,0.34323765950000007,0.22563162512499998,0.295461128,0.3267918863939394,0.18284471681578948,0.07288593601626595,0.20744721719999998,0.07907953687500001,0.1798332888,0.18330099378787879,0.49448584736842105,0.17425191237830737,0.4493151040000001,0.6952888275,0.524705566,0.48990710212121213,0.13982470365789473,0.0919805341413573,0.13579044235000004,0.146552099,0.11562783940000002,0.14349089521212122,0.285401027649641,0.3591631650924682,0.3591631650924682,0.3591631650924682,0.314237395035369,,0.3591631650924682,,0.16638049064204088,0.2166518568992614,0.2166518568992614,0.2166518568992614,0.19370624635900763,,0.2166518568992614,,0.5482184514403343,0.4241849482059479,0.4241849482059479,0.4241849482059479,0.4920563357216971,,0.4241849482059479,,0.11902053654193877,0.1425113081932068,0.1425113081932068,0.1425113081932068,0.12053114867636136,,0.1425113081932068,
MSFT.OQ,2023-Oct-24,0.3515530723513513,0.12643423736688889,0.34219864984210535,0.36425720375,0.29469799339999997,0.36043667843749994,0.18486506183783782,0.07332457475427644,0.20693605236842103,0.092712961625,0.179731791,0.18566713540625,0.4635818488108109,0.15303093557458014,0.45086527894736844,0.5430298257499999,0.5255702,0.45389616893749996,0.1666880118756757,0.1389451629256026,0.13526259749473687,0.27154424837499996,0.11496620248,0.17476954459375,0.42449807056358885,0.3591631650924682,0.3604099111897604,0.3591631650924682,0.3495559800754894,0.3591631650924682,0.3591631650924682,,0.1309208433542932,0.2166518568992614,0.18721653587583978,0.2166518568992614,0.1981396685269745,0.2166518568992614,0.2166518568992614,,0.4445810669234821,0.4241849482059479,0.4523735301835196,0.4241849482059479,0.45230431990189984,0.4241849482059479,0.4241849482059479,,0.2935772346598761,0.1425113081932068,0.17319337385041372,0.1425113081932068,0.15141631256450305,0.1425113081932068,0.1425113081932068,
MSFT.OQ,2024-Jan-30,0.30861575305263156,0.11265397130912733,0.3275110721000001,0.19819318425,0.29469799339999997,0.3107245045151515,0.18250356292105263,0.07312089228735012,0.19785440024999995,0.10144109825,0.179731791,0.18292352836363637,0.5088806644736842,0.18473516725171876,0.4746345080000001,0.70036569875,0.5255702,0.5063519469696969,0.1261121897736842,0.044137089404655744,0.12965667187000002,0.09675208425000001,0.11496620248,0.12780097572727273,0.3591631650924682,0.3591631650924682,0.3098205973704656,0.3591631650924682,0.3106234706938266,,0.3591631650924682,,0.2166518568992614,0.2166518568992614,0.1858743870009978,0.2166518568992614,0.1747525543905794,,0.2166518568992614,,0.4241849482059479,0.4241849482059479,0.5043049901723862,0.4241849482059479,0.5146239474415779,,0.4241849482059479,,0.1425113081932068,0.1425113081932068,0.12394621036946774,0.1425113081932068,0.13587091537192464,,0.1425113081932068,
NVDA.OQ,2018-Aug-16,0.3301029556222222,0.0893277258283954,0.34555465984210526,0.2717341738333333,0.25027309566666667,0.3358050884761905,0.18978899461111112,0.06929043021994691,0.19584223823684208,0.14886468258333335,0.15288866,0.19242473279761904,0.48010803844444444,0.15190772159541988,0.45860309210526323,0.57940114,0.5968382666666666,0.47177016499999996,0.14031396018444445,0.049852414689234105,0.14971242133157897,0.12286948858333334,0.0973844351,0.1433803548333333,0.293829121440649,0.3591631650924682,0.2502730923394362,0.19582805596292016,0.31249599105545445,,,,0.17839393764734263,0.2166518568992614,0.15288865814606342,0.12100705876946445,0.1893247717193194,,,,0.5277769327163696,0.4241849482059479,0.5968382557233175,0.6831649094820023,0.4981792228562491,,,,0.11543518360704183,0.1425113081932068,0.09738443388293187,0.0748209967277944,0.12317121920308896,,,
NVDA.OQ,2018-Nov-15,0.2999727491333333,0.1460685679116766,0.31395894439285715,0.22470982088235295,0.2508931253333333,0.3025558872280701,0.19746569870833333,0.11689609424306888,0.1926217868571428,0.18851494061764704,0.150897233,0.19991667058771934,0.5025615348333333,0.19561238069656978,0.49341925000000014,0.5867752258823531,0.5982096333333333,0.49752742438596487,0.10250704994916668,0.1781495235850891,0.12133715753571431,0.03619487858529414,0.09999589233333334,0.10263921613947369,0.0343530364334583,0.0343530364334583,0.05554212816059585,0.2508931222061315,0.2579491857439279,,0.0343530364334583,,0.0193879790604114,0.0193879790604114,0.016807443462312152,0.15089723095297805,0.09733840515837067,,0.0193879790604114,,0.9462590217590332,0.9462590217590332,0.9276504814624786,0.5982096393903097,0.6447123974561692,,0.9462590217590332,,0.0149650573730468,0.0149650573730468,0.0387346819043159,0.09999589125315345,0.16061079073697324,,0.0149650573730468,
NVDA.OQ,2019-Aug-15,0.319653155575,0.12579988209469528,0.34119844777777775,0.23345961229999998,0.25137483666666666,0.3251892354864865,0.19350116675,0.06448863883356283,0.2057516631111111,0.1436694414,0.15125067866666667,0.196926882,0.4868456675,0.18568825392154367,0.45304987166666666,0.622870961,0.59737448,0.47788387189189196,0.126151988825,0.07408554533298689,0.13544678466666668,0.0897901709,0.100124158,0.12826235348648646,0.2944901660084724,0.2513748332858085,0.19748066738247866,0.3591631650924682,0.31281745194324423,,,,0.17741114869713775,0.15125067656238866,0.1185500863939523,0.2166518568992614,0.19230134971439836,,,,0.5280986666679383,0.5973744789759318,0.6839692443609238,0.4241849482059479,0.4948811898274081,,,,0.1170790173113346,0.10012415672341983,0.07893058098852634,0.1425113081932068,0.12051610222884587,,,
NVDA.OQ,2019-Feb-14,0.2946655182,0.121281316664893,0.35916317000000003,0.14954580165,0.35916317,0.29154466408064506,0.18677381606153845,0.10974574459121748,0.21665185999999997,0.11954821720000001,0.21665186,0.1853281042580646,0.518560649076923,0.19022601197913916,0.42418495000000017,0.7309059720000002,0.42418495000000006,0.5231272151612903,0.10789170207692307,0.13160789887827343,0.14251131000000003,0.029997584249999994,0.14251131,0.10621655975806449,0.245165757007069,0.3591631650924682,0.17434901619950924,0.3591631650924682,0.3338288980371812,,0.3591631650924682,,0.14606933626863686,0.2166518568992614,0.09239445564647512,0.2166518568992614,0.18330581716316582,,0.2166518568992614,,0.6087648901674483,0.4241849482059479,0.7332565089066824,0.4241849482059479,0.48286525642170625,,0.4241849482059479,,0.09909642022103073,0.1425113081932068,0.0819545603978137,0.1425113081932068,0.1505230814218521,,0.1425113081932068,
NVDA.OQ,2019-May-16,0.3227385313207547,0.11073739228833297,0.3591631700000001,0.24560400235294122,0.35916317,0.32055305300000003,0.1939840004528302,0.06255950181280871,0.21665185999999997,0.14598147435294115,0.21665186,0.19262392888000002,0.4832774513207547,0.1559514057155737,0.42418495000000017,0.6084145129411764,0.42418495000000006,0.48682300139999996,0.12875453079811322,0.08962190052517091,0.14251131000000006,0.09962252778235292,0.14251131,0.127929124046,0.3591631650924682,0.3591631650924682,0.30967812240123743,0.3591631650924682,0.29562858864665026,,0.3591631650924682,,0.2166518568992614,0.2166518568992614,0.1819394312798976,0.2166518568992614,0.17705760192539952,,0.2166518568992614,,0.4241849482059479,0.4241849482059479,0.5083824157714844,0.4241849482059479,0.5273137854205238,,0.4241849482059479,,0.1425113081932068,0.1425113081932068,0.12773869037628174,0.1425113081932068,0.1185709863073296,,0.1425113081932068,
NVDA.OQ,2019-Nov-14,0.2897998582325581,0.12219350986189932,0.32316014511111113,0.17958101938461535,0.2506546373333333,0.2927357498,0.16662595046511627,0.08647361528543808,0.1948140255,0.08141854546153846,0.15192311466666666,0.16772866314999998,0.5435741758139535,0.2072959919688603,0.48202580888888896,0.7390004307692308,0.5974222333333333,0.5395355714999999,0.12317390820930234,0.04296807339955355,0.12834611966666667,0.09816247530769232,0.098731523,0.1250070871,0.2777817668393254,0.14314501856764153,0.25065463408827776,0.3591631650924682,0.2542593146745975,,,,0.1681052986532449,0.08562485190729292,0.1519231125712394,0.2166518568992614,0.1442109165856471,,,,0.5541129037737846,0.7712300916512808,0.5974222222963969,0.4241849482059479,0.6015297495401822,,,,0.1096764684189111,0.05752016759167113,0.0987315218274792,0.1425113081932068,0.11004839987995532,,,
NVDA.OQ,2020-Aug-19,0.27855557284210525,0.13739686533004355,0.3240583166666667,0.08902968866666666,0.35916317,0.2716463502285714,0.19359347163157895,0.14830696933636314,0.19973144444444443,0.15313505133333333,0.21665186,0.19161703834285712,0.5278509472105263,0.22238161168207748,0.4762102205555557,0.757835286,0.42418495000000006,0.5367366041142857,0.08496210444736842,0.17970010469219555,0.12432687211111111,-0.06410534877777778,0.14251131,0.08002931540000001,0.2440510395293434,0.3591631650924682,0.3591631650924682,0.3591631650924682,0.24243134318385268,,,,0.46151918172836304,0.2166518568992614,0.2166518568992614,0.2166518568992614,0.26195963472127914,,,,0.2944297802944978,0.4241849482059479,0.4241849482059479,0.4241849482059479,0.4956090194173157,,,,-0.2174681027730306,0.1425113081932068,0.1425113081932068,0.1425113081932068,-0.01952827675268054,,,
NVDA.OQ,2020-Feb-13,0.2951086755111111,0.12282608629205702,0.34148339127777777,0.14547848375000003,0.35916317,0.29053335447619044,0.18376571802222222,0.08430625560118792,0.2071151363333333,0.10763391308333332,0.21665186,0.18141670788095238,0.5211255931111112,0.1908270064527327,0.45140145277777777,0.7468876075,0.42418495000000006,0.5280499247619048,0.1113429572,0.08928965206310154,0.13436825494444446,0.03784456958333334,0.14251131,0.10911664628571428,0.3591631650924682,0.3591631650924682,0.20268082246184346,0.3591631650924682,0.2939368334288398,,,,0.2166518568992614,0.2166518568992614,0.21910597011446947,0.2166518568992614,0.16609496025679008,,,,0.4241849482059479,0.4241849482059479,0.5782132297754288,0.4241849482059479,0.5399681900938352,,,,0.1425113081932068,0.1425113081932068,-0.016425152309238897,0.1425113081932068,0.12784187340488037,,,
NVDA.OQ,2020-May-21,0.3159956627384615,0.10353062608239676,0.34076556922580653,0.2415019937894737,0.35916317,0.31316500652459006,0.1833374111153846,0.0723430256784498,0.20450600412903222,0.1224982997105263,0.21665186,0.18115285709016402,0.5006669092307693,0.17249083170659474,0.45472840806451637,0.6359996947368423,0.42418495,0.5056821196721312,0.13265825241846152,0.04638020221169595,0.13625956490322583,0.11900369711578947,0.14251131,0.1320121502819672,0.27088418106238044,0.3591631650924682,0.38373941183090204,0.3591631650924682,0.24861294403672213,,,,0.15221248629192505,0.2166518568992614,0.18189597874879831,0.2166518568992614,0.1434688125737011,,,,0.5769033034642538,0.4241849482059479,0.43436460196971893,0.4241849482059479,0.6079182215034962,,,,0.11867169539133705,0.1425113081932068,0.2018434405326843,0.1425113081932068,0.10514413192868233,,,
NVDA.OQ,2020-Nov-18,0.2948544370232558,0.12251201061321762,0.330016730631579,0.15811833636363637,0.2506546373333333,0.29816942199999996,0.17566390941860466,0.07649300843749804,0.1961916251052631,0.09176664072727272,0.15192311466666666,0.177444469025,0.5294816360465117,0.19535308403940901,0.47379162578947376,0.75011501,0.5974222333333333,0.5243860912499999,0.11919052791023256,0.0596483032809995,0.13382510573684214,0.06635169646727274,0.098731523,0.1207249532785,0.0336375720798969,0.3591631650924682,0.23287824839353558,0.19640036858618254,0.257920845101277,,,,0.0224656239151954,0.2166518568992614,0.14427023679018014,0.1195587404072284,0.15896025719121096,,,,0.9438967704772948,0.4241849482059479,0.6228514850139618,0.6840408593416214,0.5831188708543777,,,,0.011171949096024,0.1425113081932068,0.08860801178961991,0.0768416286446154,0.0989605881428967,,,
NVDA.OQ,2021-Aug-18,0.30132711507692306,0.11750023893074009,0.32262288055555555,0.18162084422222222,0.2506546373333333,0.3055498215555556,0.1845788473076923,0.07226850421832251,0.19791592244444442,0.11514068011111113,0.15192311466666666,0.18730015836111108,0.5140940202564103,0.1854662231554475,0.47946117777777786,0.7032384655555556,0.5974222333333333,0.5071500025000001,0.11674826784615384,0.06050098716268194,0.12470695811111113,0.06648016444444445,0.098731523,0.11824966325000001,0.14871361975868538,0.22761812508106227,0.2718307551528726,0.25065463408827776,0.2294766067394188,,,,0.08865139447152608,0.14920248240232462,0.1617211694163935,0.1519231125712394,0.13309059132422713,,,,0.7626349627971649,0.6231793582439422,0.5664480541433606,0.5974222222963969,0.6374327880995614,,,,0.06006222559760013,0.07841564211994409,0.11010958586952514,0.09873152182747919,0.0963860155482377,,,
NVDA.OQ,2021-Feb-24,0.2905792697,0.12718065916606558,0.35916317000000003,0.06523216871428571,0.35916317,0.28295883633333335,0.17528348293333332,0.07968694442229467,0.21665185999999995,0.03935881542857143,0.21665186,0.17068699659259257,0.5341372333333333,0.20375646285949425,0.42418494999999995,0.8954090214285715,0.42418495000000006,0.5463541537037038,0.11529578692666667,0.0594404441175312,0.14251130999999997,0.025873353971428568,0.14251131,0.11227183991851854,0.3591631650924682,0.3591631650924682,0.3591631650924682,0.3591631650924682,0.2781688310205936,,,,0.2166518568992614,0.2166518568992614,0.2166518568992614,0.2166518568992614,0.17488049580292264,,,,0.4241849482059479,0.4241849482059479,0.4241849482059479,0.4241849482059479,0.5469506545500322,,,,0.1425113081932068,0.1425113081932068,0.1425113081932068,0.1425113081932068,0.10328833589499647,,,
NVDA.OQ,2021-May-26,0.29415093233333334,0.1270350829010739,0.3166189992000001,0.14046240866666668,0.35916317,0.28692735037037037,0.17843021966666667,0.07268268952431067,0.19711311279999993,0.07439052633333333,0.21665186,0.17418337074074072,0.5274188346666667,0.19385719199023635,0.486267874,0.7851470633333332,0.42418495000000006,0.5388892662962964,0.11572071296666667,0.07253112824466318,0.11950588613333332,0.0660718845,0.14251131,0.11274397996296298,0.3591631650924682,0.27679768018424505,0.2590272016823291,0.3591631650924682,0.27489939456184703,,,,0.2166518568992614,0.17698565404862157,0.15129418671131126,0.2166518568992614,0.15579511496859288,,,,0.4241849482059479,0.546216644346714,0.5896785656611124,0.4241849482059479,0.569305474559466,,,,0.1425113081932068,0.09981202613562347,0.10773301621278127,0.1425113081932068,0.11910428044696648,,,
NVDA.OQ,2022-May-25,0.30580492139473686,0.16709417273292146,0.31657485980000005,0.2202842906,0.2511140333333333,0.3104927118,0.20735762631578947,0.12768203753100635,0.19116015699999997,0.21957132649999997,0.151351442,0.2121581564,0.48683743855263156,0.1967613848464299,0.49226496333333336,0.5601443865,0.5975345,0.47734911900000004,0.09844729560526315,0.22300513061196636,0.12541470293333332,0.0007129659000000066,0.099762592,0.09833455591428572,0.0350157618522644,0.1970894634723663,0.3460498362779617,0.22912826165556904,0.3162551254034042,,,,0.0207506064325571,0.11870123166590925,0.0971105141565203,0.14158311225473877,0.18617598349228498,,,,0.9442335963249208,0.6842092722654343,0.5568396463990212,0.6292886078357697,0.4975688762962818,,,,0.0142651563510298,0.07838823227211829,0.24893932249397038,0.08754514958709478,0.13007914377376437,,,
NVDA.OQ,2023-Aug-23,0.3118249289189189,0.10941611411108237,0.35916317,0.16455040111111108,0.35916317,0.30764802529411767,0.18478820116216216,0.07346917605467229,0.21665186,0.0856568181111111,0.21665186,0.18197670185294115,0.5033868483783783,0.18263604536860234,0.42418495,0.7497927544444445,0.42418495000000006,0.5103752511764705,0.12703672840540542,0.037192543670981466,0.14251131,0.07889358566666667,0.14251131,0.1256713241470588,0.2656013742089271,0.3591631650924682,0.3100915451844533,0.3591631650924682,0.28210858721286053,,0.3591631650924682,,0.14884195569902653,0.2166518568992614,0.18499074721088005,0.2166518568992614,0.1676538605242967,,0.2166518568992614,,0.5855566461881002,0.4241849482059479,0.5049176762501398,0.4241849482059479,0.5502375140786171,,0.4241849482059479,,0.11675941944122313,0.1425113081932068,0.12510079828401408,0.1425113081932068,0.11445472715422508,,0.1425113081932068,
NVDA.OQ,2023-May-24,0.3189069219736842,0.13855720714166217,0.3400146054117647,0.22536185588888888,0.2506546373333333,0.32475711780000005,0.1798568054736842,0.07837588300126033,0.20522914023529412,0.08287121155555556,0.15192311466666666,0.1822511218285714,0.5012362568421053,0.18729031895246914,0.4547562352941177,0.6917669288888889,0.5974222333333333,0.49299174457142864,0.13905011786842106,0.12491635805454317,0.1347854652352941,0.14249065,0.098731523,0.14250599742857142,0.0336375720798969,0.24426377639174457,0.24724876601248977,0.19640036858618254,0.29521207990390913,,0.0336375720798969,,0.0224656239151954,0.13980246372520916,0.01640231604687865,0.1195587404072284,0.10222354784075695,,0.0224656239151954,,0.9438967704772948,0.6159337341785431,0.7363489232957363,0.6840408593416214,0.6025643625429699,,0.9438967704772948,,0.011171949096024,0.10446131322532892,0.23084645834751424,0.0768416286446154,0.19298853685281106,,0.011171949096024,
NVDA.OQ,2023-Nov-21,0.30815522681249996,0.11199379820557621,0.3341777750769231,0.195732664,0.2508931253333333,0.31407889248275866,0.173063431375,0.08383311742755485,0.2014777153076923,0.066956130625,0.150897233,0.1753564863793103,0.5187813234375,0.1890591798607473,0.4643444923076923,0.7373111875,0.5982096333333333,0.5105646017241381,0.1350917951875,0.05829092690667331,0.13270005976923074,0.128776532375,0.09999589233333334,0.13872240582758621,0.0343530364334583,0.2779606329277157,0.26107750522593653,0.2508931222061316,0.18040386525293187,,,,0.0193879790604114,0.16733588743954889,0.1153813133326669,0.15089723095297805,0.08094383403658861,,,,0.9462590217590332,0.5547034665942192,0.6235411614179611,0.5982096393903097,0.7386522988478342,,,,0.0149650573730468,0.11062474548816678,0.14569619235893086,0.09999589125315346,0.09946002749105291,,,
NVDA.OQ,2024-Feb-21,0.29913034081081075,0.11847202885485808,0.3374614634666667,0.16959426179999998,0.2506546373333333,0.30340760876470585,0.1822600034864865,0.07500954181378941,0.20370611093333327,0.1088206145,0.15192311466666666,0.18493678779411765,0.518609632972973,0.1865440611778473,0.45883240666666664,0.721585092,0.5974222333333333,0.5116555800000001,0.11687033746756756,0.06727122060501182,0.1337553526,0.060773647730000005,0.098731523,0.11847082109705882,0.14298182353377337,0.2777817668393254,0.06409996623794234,0.3591631650924682,0.208511552773416,,0.0336375720798969,,0.10145894686381017,0.1681052986532449,0.09626090464492637,0.2166518568992614,0.11869329167529935,,0.0224656239151954,,0.7555591960748037,0.5541129037737846,0.8396390875180563,0.4241849482059479,0.6727951169013977,,0.9438967704772948,,0.041522876359522363,0.1096764684189111,-0.032160936233898034,0.1425113081932068,0.08981826272793111,,0.011171949096024,
